34399.16	O quê? Se é uma piada, não a entendo.
34399.17	Sim, eu também não a entendo.
34399.18	Não é piada, Maria. O monumento não está mais lá, só restou o pedestal.
34399.19	E por que fico sabendo disso pelo senhor, en-Daniil, e não pela mulher contratada para cuidar dos túmulos? Vergonhoso.
34399.20	Falei com ela, ela está apavorada que Georgiy a puna.
34399.21	E esse é o erro principal dela. Não é do tio que ela deve ter medo, é de mim. Ela sabe muito bem o quanto a memória da minha mãe significa para mim! E escondeu isso!
34399.22	Parece-me que a senhora está descarregando a raiva na pessoa errada. A mulher claramente não tem culpa.
34399.23	Parece-me que a minha raiva não é da sua conta, en-Daniil. Obrigada por me contar. Tomarei providências.
34399.24	Francamente, isso soa sinistro. Devo me preocupar com essa infeliz?
34399.25	Não posso fingir que posso impedi-la de se preocupar. Ainda assim — o que lhe importa uma criada? Acima de tudo, detesto a covardia nas pessoas!
34399.26	E talvez ela tivesse mesmo razão em temer a punição.
34399.27	A senhora não entende. Não é o monumento — é o gesto em si. Alguém quer prejudicar os Kain, e nos desunir uns contra os outros.
34399.28	Georgiy me avisou que seria melhor não lhe contar. Não devia ter o ignorado.
34399.29	O senhor contou ao tio? E só depois — condescendeu a vir até mim? Como se um insulto à memória já não bastasse!
34399.30	O quê — vai me punir também? Estou curioso — como?
34399.31	O senhor pensa demais em si mesmo, en-Daniil. Não é o monumento — é o gesto em si. Alguém quer prejudicar os Kain, e nos desunir uns contra os outros.
34399.32	Quem poderia roubar um monumento inteiro? E, mais importante — por quê?
34399.33	Nossa família tem muitos inimigos. O senhor acha que é o sumiço que me preocupa? Nem um pouco. Não é o monumento — é o gesto em si. Alguém quer prejudicar os Kain, e nos desunir uns contra os outros.
34399.34	E, a julgar pela sua reação feroz, esse alguém está conseguindo. Na sua fúria, a senhora fará estragos irreparáveis.
34399.35	O senhor se esquece de si, en-Daniil. Esta conversa terminou. Vá embora.
34399.36	Com prazer — atenderei ao seu pedido.
34399.37	E eu lhe peço que pense duas vezes antes de punir a mulher que cuida dos túmulos. Ela não tem culpa de nada.
34399.38	Não devia ter ido ao Georgiy…
34399.39	Não devia ter vindo à senhora.
34399.40	Que bom que não vim primeiro à senhora…
34399.41	Falei com ela, ela está apavorada que Georgiy a puna. Como pode imaginar, as últimas notícias ainda não chegaram até ela.
34399.42	Se ela estivesse de luto pelo tio Georgiy, ainda haveria alguma desculpa. Mas ela sabe muito bem o quanto a memória da minha mãe significa para mim! E escondeu isso!
34399.43	Estive lá e… toquei no pedestal. A pedra estava quente. Quase como se… estivesse viva.
34399.44	É claro que está quente! Essa pedra é a minha memória da mãe. A zeladora sabe muito bem o quanto a memória da minha mãe significa para mim! E escondeu isso!
34399.45	Vi rastros de carrinho, fragmentos de pedra. Algumas crianças brincavam de utopia por perto. Ainda assim, duvido que tenham relação com o roubo.
34399.46	Então por que mencionar isso? O que me importam crianças com um carrinho, se não estão envolvidas no roubo?\n\nA zeladora, no entanto, sabe muito bem o quanto a memória da minha mãe significa para mim! E escondeu isso!
54824.0	…
54824.1	Pois bem. Olá, pedestal vazio.
54824.2	…
54824.3	Como alguém rouba um monumento? Ele pesa, o quê — uma tonelada? Mais.
54824.4	…
54824.5	Por que tenho a sensação de que o pedestal está tentando me dizer algo?
54824.6	…
54824.7	A pedra está quente. E quase parece sussurrar.
54824.8	Estou perdendo a cabeça. É apenas uma pedra.
54824.9	Por que, de repente, sinto vontade de falar com ele em voz alta — em vez do jeito de sempre?
54824.10	O quê?
54824.11	…
54824.12	Um monumento não pode simplesmente ir embora. Os monumentos são famosos por uma coisa: por não andarem.
54824.13	…
54824.14	Preciso procurar testemunhas do que aconteceu aqui.
54824.15	Preciso avisar os Kain.
54824.16	À margem de ondas desertas… / Erguia-se ele, cheio de grandes pensamentos…
54824.17	<i>Exegi monumentum…</i>
54824.18	Você está delirando, Dankovsky. Isso é um mau presságio. Pare de conversar com a pedra.
54824.19	Os fragmentos do monumento estão espalhados pelo Cabo — de algum modo, há poucos demais, e muitos demais.
54824.20	Mesmo que o monumento tenha sido roubado — o que me importa?
54824.21	Nina Kaina era uma Senhora Sombria. Ela tinha inimigos?
54824.22	…
54824.23	Que pergunta tola — é claro que tinha. Todo governante tem inimigos.
54824.24	O monumento não poderia ter saído sozinho. Ou poderia? Nesta Cidade amaldiçoada, tudo é possível.
54824.25	E, mais importante — por quê?
54824.26	Vândalos? Não — eles o teriam apenas destruído.
54824.27	Roubar um monumento é um ato inconfundivelmente simbólico.
31963.0	Minha nora me avisou — avisou! Lemos as folhas de chá outro dia, e ela disse: as folhas, ela diz, estão se juntando num vazio. Eu descartei — que bobagem.\n\nPois bem — olhe: um vazio, exatamente assim!
31963.1	O que aconteceu?
31963.2	Aqui está! Cuido dos túmulos das Senhoras há anos — esse é o meu ofício. Já vi de tudo, mas um monumento sumir, isso nunca. É uma estátua enorme — como a carregam?\n\nO senhor acha que é tudo por causa do chá? As folhas me avisaram, não foi?
31963.3	E o senhor, com licença, é quem?
31963.4	Cuido dos túmulos das Senhoras há anos — esse é o meu ofício. Já vi de tudo, mas um monumento sumir, isso nunca. É uma estátua enorme — como a carregam?\n\nO senhor acha que é tudo por causa do chá? As folhas me avisaram, não foi?
31963.5	Sim. Sem dúvida — a culpa é do chá.
31963.6	Oh, que desgraça… O Juiz agora vai me punir — vai, vai. Mas por quê? Eu não fiz nada de errado!
31963.7	Por que Georgiy puniria a senhora?
31963.8	Claro que vai! Ele vai dizer que eu não fiquei de olho! Mas como eu ia ficar de olho, pelo amor de Deus? É um monumento! Eu nem sabia que a Nina Selvagem podia ser tirada da pedra.
31963.9	Um rastro de estilhaços de pedra leva para dentro do Cabo — parece o material do monumento. Então talvez alguém o tenha mesmo carregado.
31963.10	Quem o carregaria? Normalmente não há ninguém aqui além de mim! Só eu e os mosquitos à noite. Às vezes as crianças aparecem, mas elas não poderiam arrastar aquela pilha de pedra, poderiam?
31963.11	Segui o rastro de estilhaços e não encontrei ninguém além de crianças brincando. Elas têm um carrinho… Mas é um absurdo.
31963.12	É o que estou dizendo — nunca há ninguém aqui, só eu, e às vezes as crianças. Mas elas não poderiam arrastar aquela pilha de pedra, poderiam?
31963.13	No entanto, o monumento a Victoria Olgimskaya, a Velha, está intacto. É improvável que seja coincidência.
31963.14	E, o mais importante, quem precisaria disso? Ninguém vem aqui além do marido dela, o da Nina. Às vezes as crianças aparecem, mas elas não poderiam arrastar aquela pilha de pedra, poderiam?
31963.15	A senhora não viu ninguém suspeito por aqui?
31963.16	E quem é que vem aqui? Só o marido dela, o da Nina. Às vezes as crianças aparecem, mas elas não poderiam arrastar aquela pilha de pedra, poderiam?
31963.17	Não poderiam.
31963.18	Não sei. Das crianças daqui, pode-se esperar qualquer coisa.
31963.19	Deixe-me dar uma olhada melhor, mesmo assim.
31963.20	Só — não vá contar ao Georgiy que a culpa é das folhas de chá.
31963.21	Ah, deixa as folhas de chá de lado! Aí o Juiz vai decidir com certeza que fui eu que não fiquei de olho. Mas como eu ia ficar de olho, pelo amor de Deus? É um monumento! Eu nem sabia que a Nina Selvagem podia ser tirada da pedra.
31963.22	Não se preocupe. Vou falar com ele. Duvido que ele a puna. Mas primeiro vou dar uma olhada — para ter o que lhe dizer.
31963.23	Mesmo? Oh, obrigada, bom homem. Espero que ele o escute.\n\nMas como eu ia ficar de olho, pelo amor de Deus? É um monumento! Eu nem sabia que a Nina Selvagem podia ser tirada da pedra.
31963.24	A senhora não sabe? Georgiy morreu ontem. Ele não vai mais julgar nem punir ninguém.
31963.25	O senhor deve tê-lo confundido com o irmão dele. Não pode ser que os três irmãos Kain… A Nina Selvagem sumir do pedestal — vá lá. Mas o Juiz morrer… Não.
31963.26	Não diga bobagens.
10562.0	Eu dizia a mim mesma — dizia — que não se deve adivinhar o futuro no chá… É mau agouro, tudo isso… Uma pessoa importante sem monumento no túmulo — não, ela não vai perdoar; vai se enfurecer do além. E a Nina — a Nina já se enfurecia muito bem neste mundo!\n\nOh — o que foi? O senhor está bem, doutor?
10562.1	Estou bem. Por que pergunta?
10562.2	O senhor tem aquele silêncio barulhento — como se tivesse engolido uma cigarra.
10562.3	O quê?
10562.4	O que isso significa?
10562.5	É o que se diz quando alguém está atordoado. Como se tivesse engolido uma cigarra — e ela estivesse zumbindo na barriga, e ele a escutasse.
10562.6	É uma descrição bem precisa de como me sinto agora.
10562.7	Que ditados ridículos, esses locais. Não consigo me acostumar.
10562.8	Ainda não entendi direito o que aconteceu aqui.
10562.9	Esse sumiço traz desgraça, isso é o que está claro. Mas, por outro lado — onde é que agora não temos desgraça? Como se precisássemos de mais.
10562.10	Sempre há espaço para uma desgraça nova.
10562.11	Com tanta superstição por aqui, alguém devia aprender a vigiar também os bons presságios.
10562.12	Minha senhora, se notar algo suspeito no Cabo, mande-me um recado na Stillwater.
10562.13	Para dizer a verdade, nem me lembro quando comi pela última vez.
10562.14	Tenho um biscoito seco. As bordas esfarelaram e ele umedeceu um pouco — carrego-o no avental há três dias. Mas é gostoso, palavra de honra. Quer?
10562.15	Não, obrigado. O que a senhora quis dizer com aquilo da cigarra?
10562.16	Falei com as crianças. Elas brincavam… de utopia. Disseram que o monumento saiu sozinho.
10562.17	Tenho uma sensação estranha, como se o pedestal tentasse falar comigo.
45990.0	…amanhã. Amanhã. Amanhã.
45990.1	O que vai acontecer amanhã, Victor?
45990.2	O fatalismo dos Kain é espantoso. Por que não designam um cuidador para o senhor? Como se apenas esperassem o senhor despencar no rio.
45990.3	Hoje, o monumento desapareceu do túmulo da sua esposa. Não sei por que estou lhe dizendo isso — exceto que o senhor tem o direito de saber.
45990.4	Ela está vindo.
45990.5	O quê? Victor, o senhor me ouve? Me entende?
45990.6	…amanhã. Amanhã. Amanhã.
45990.7	Por um instante, pensei ter capturado o seu olhar de antes. Parece que imaginei.
45990.8	«Amanhã» o quê? Do que o senhor está falando?
45990.9	…
45990.10	Não devia tê-lo incomodado.
45990.11	Amanhã será mais um dia novo. Mas o senhor nem vai perceber.
45990.12	Sim. Ela já está perto. Falei com Nina — falarei daqui a alguns dias. Ela voltará.
45990.13	Nina!
45990.14	Eu sei que o senhor a espera. Só não sei se ficará feliz quando ela voltar <i>assim</i>.
45990.15	Em breve vocês estarão juntos de novo.
17098.0	A Encruzilhada
17098.1	O nono dia tem um significado especial para o falecido.
38638.0	Absurdo
38638.1	Isso não faz sentido! Não entendo o que querem dizer!
11188.0
11188.1	Ainda fumega
11188.2	Poderia ter sido simplesmente colocado duas vezes
11188.3	Não é o milagre mais estranho da cidade
11188.4	Mas é o mais minimalista
21277.0
21277.1	Agora vejo!
21277.2	Do canto mais distante, parece uma mariposa
21277.3	E daí?
21277.4	E falta um pedaço
21277.5	E agora está inteiro
70477.0
70477.1	De certo ângulo…
70477.2	…pode-se ler a palavra «Eternidade»
40121.0	Pouco tempo resta… muito pouco.
40121.1	Do que o senhor está falando, Juiz?
40121.2	Não há mais tempo, meu venerado doutor. O senhor não sente? Não há tempo.
40121.3	O que sinto é cansaço. Das mentiras intermináveis da sua família.
40121.4	Perdão… o quê?
40121.5	É verdade que não há tempo. Há muito tenho a sensação de que tudo acontece ao mesmo tempo.
40121.6	Eu sabia que Simon não se enganara sobre o senhor. Vejo nos seus olhos — agora tudo lhe foi revelado.
40121.7	Estive no Recinto Interno. Sei o que Simon e Isidor fizeram. Creio que me devem uma explicação.
40121.8	Simon dizia que o conhecimento só se torna nosso quando a espuma das paixões se assenta sobre ele.
40121.9	Acho que já não me importa o que o seu Simon dizia! Ele é um monstro!
40121.10	Bachelor, o senhor precisa de silêncio — ou de outra ocupação. Não tente abarcar tudo de uma vez com a mente. Não se torture; além disso, é completamente inútil.\n\nTenho algo a lhe dizer. Amanhã — quando a espuma assentar. Hoje, recuso-me a falar com o senhor sobre esse assunto. Se tiver outras perguntas — por favor. Se não — vá embora.
40121.11	O senhor não entende mesmo, Georgiy? Não existe assunto mais importante!
40121.12	O senhor também é um monstro. Ou um idiota inflado de autoimportância. Não sei o que é pior.
40121.13	O senhor tem razão. De fato, não consigo pensar com clareza agora.
40121.14	Amanhã, diz? Está bem — virei amanhã. Afinal, tudo o que podia acontecer já aconteceu.
40121.15	O senhor me subestima. Não estou tão chocado quanto o senhor evidentemente acredita.
40121.16	O senhor sabia?! O senhor, pessoalmente, Georgiy, sabia o que eles fizeram antes de morrer?
40121.17	Minha cabeça está girando com todos esses véus sendo arrancados…
40121.18	No momento, estou absolutamente impassível.
25687.0
25687.1	A caixa do gabinete de Isidor esquentou.
26571.0	O Primeiro Dia Está Aberto
26571.1	Agora posso contar mais sobre o passado.
65728.0	A Fornalha, o gabinete de Simon
65728.1	Hoje, em certos horários, o gabinete de Simon está aberto.
41499.0	Uma Pista?
41499.1	Algumas coisas só podem ser vistas uma única vez. E o gabinete de Simon é exatamente uma delas.
35101.0	Não Entendo
35101.1	Estou fazendo algo errado.
46953.0	Do Começo
46953.1	Agora o inspetor está interessado no meu primeiro dia na Cidade!
76103.0	Aqui Trabalhou um Gênio
76103.1	Agora vejo o gabinete de outra forma. Nenhum cigarro. Uma construção de madeira. Ainda mais vazio do que antes.
27707.0	O Passado Perdido
27707.1	Nunca vi um detalhe assim. Parece que deixei algo passar no passado. Mas quando?
32175.0	O Erro Fatal
32175.1	Se ao menos no segundo dia eu não tivesse irrompido precipitadamente no gabinete de Simon!
32750.0	A Construção de Simon
32750.1	É uma mariposa. E falta uma peça nela.
17563.0	Dias Especiais
17563.1	O gabinete de Simon se abre no nono dia.
19136.0	Post Scriptum
19136.1	À luz da mariposa, a caixa da casa de Isidor se abriu. Parece que era a caixa de Simon. Parece que trabalhavam juntos.
7014.0	O Passado
7014.1	Vi um detalhe assim no gabinete de Isidor — no segundo dia. Agora o gabinete está fechado!
60779.0	O Presente
60779.1	Vi um detalhe assim no gabinete de Isidor. E o carrego comigo todos esses dias!
71646.0	O Propósito
71646.1	O dia da primeira abertura do gabinete. Meu segundo dia na Cidade. A busca deve começar de lá.
6987.0	O Enigma
6987.1	A mariposa permanece silenciosa.
9594.0	Teste Projetivo
9594.1	O ângulo certo é o do canto mais distante! É de lá que se vê que é… uma mariposa?
65514.0	O Tempo Congelou
65514.1	O cigarro ainda fumega.
60015.0	A Prova
60015.1	Parece que Simon e Isidor trouxeram a peste para a Cidade.
6819.0
6819.1	Uma decoração da moda?
6819.2	Um teste projetivo?
6819.3	Um quebra-cabeça?
6819.4
6819.5	De que lado devo olhar para você?
6819.6
6819.7	Esse ângulo não deixou nada mais claro
6819.8
6819.9	Acho que isto é um trem para a Capital
6819.10	É morfina!
6819.11	E se eu olhar do outro lado?
6819.12
6819.13	Isso continua sem fazer sentido
6819.14	Preciso contornar, talvez se monte
6819.15	Se eu olhar do canto — é uma mariposa!
6819.16
6819.17	Uma decoração belíssima
6819.18	Falta alguma coisa
6819.19
6819.20	Absolutamente nenhuma ideia. Deixei algo passar…
6819.21
6819.22	Não entendo o que fazer
6819.23	O gabinete esteve aberto no segundo dia. Preciso procurar lá
6819.24	Vi um pedaço de madeira no gabinete de Isidor…
6819.25
6819.26	Mas não o peguei
6819.27	Tenho comigo o pedaço de madeira da casa de Isidor!
6819.28
6819.29	Preciso tentar encaixá-lo
6819.30	1
6819.31	Uma decoração da moda?
6819.32
6819.33	Bem vanguardista
6819.34	E igualmente sem sentido
6819.35	Um teste projetivo?
6819.36
6819.37	Telman, agora, ficaria me perguntando o que eu vejo
6819.38	Nunca responderei
6819.39	Um quebra-cabeça?
6819.40
6819.41	De que lado devo me aproximar de você?
6819.42
6819.43	Esse ângulo não deixou nada mais claro
6819.44	2
6819.45	Acho que isto é um trem para a Capital
6819.46	2.1
6819.47	…Risque isso do protocolo, por favor
6819.48	2.2
6819.49	Só não deixe o Telman descobrir
6819.50	É morfina derramada!
6819.51	Parece as dragonas do meu pai
6819.52	E se eu olhar do outro lado?
6819.53	3
6819.54	Ainda não vejo sentido nenhum
6819.55	Preciso respirar fundo — e contornar passo a passo por todos os lados
6819.56	Mais cedo ou mais tarde o quebra-cabeça se monta, tenho certeza
6819.57	Se eu olhar do canto — é uma mariposa!
6819.58
6819.59	O simbolismo é óbvio
6819.60	4
6819.61	No entanto… falta alguma coisa
6819.62
6819.63	Sinto que deixei algo passar…
6819.64	4.2
6819.65	Mas eu não entendo o que fazer!
6819.66	Onde procurar? E quando…
6819.67	Não há a quem pedir uma dica
6819.68	Hmm… Maria sentia que o «rastro de Simon» permanecera na casa de Isidor…
6819.69
6819.70	Talvez ela tenha se enganado, inventado essa visão sozinha
6819.71	4.1
6819.72	Uma última peça do quebra-cabeça! Apenas uma
6819.73	Parece-me que, se eu completar esta mariposa…
6819.74	…compreenderei algo verdadeiramente importante
6819.75	Mas é a minha única pista
6819.76	O Fósforo disse que trancaram a casa de Isidor no segundo dia
6819.77	Como se o fragmento que falta pudesse estar agora nas minhas mãos…
6819.78	Vi no gabinete de Isidor um pedaço de madeira parecido, parecia que me atraía…
6819.79
6819.80	Vi, mas não peguei!
6819.81	Que desastramento terrível
6819.82	Aquele gigante, o Oyun, vai bloquear a porta de Isidor na noite do segundo dia
6819.83	Vou ter que voltar e pegá-lo a qualquer custo
6819.84	4.2
6819.85	E então vir com ele para cá. Hoje
6819.86	Adicionar ao quebra-cabeça o último fragmento que falta
6819.87	Talvez então eu entenda alguma coisa?
6819.88	Tenho comigo o pedaço de madeira da casa de Isidor. Muito parecido…
6819.89
6819.90	Preciso tentar encaixá-lo
6819.91	Adicionar ao quebra-cabeça o último fragmento que falta
6819.92	4.3
6819.93	…O que está acontecendo?!
6819.94
6819.95	Aquela estranha caixa da casa de Isidor… parece que está esquentando?
6819.96	Será que é assim que ela se abre?
6819.97	Descobrir finalmente o que ela esconde
6819.98	Não adianta adivinhar antes de ver o quadro completo
6819.99
6819.100	Vale a pena contornar a construção mais uma vez
6819.101	E mais uma vez
41644.0
41644.1	O cigarro ainda está aqui.
41644.2
