29234.5	Vi os papéis. Pessoas competentes me explicaram o significado deles. Sabe, nunca entenderei como funciona a sua mente — a mente de gente como o senhor. Todos os seus críticos são sempre carniceiros e canibais. Mas para o senhor mesmo, a vida não passa de uma variável numa fórmula.
29234.6	Pregação não lhe cai bem, inspetor.
29234.7	Teria sido muito mais fácil para o senhor se eu simplesmente tivesse perecido lá com todos os outros. Isso seria justo, não seria?
29234.8	Eu só odeio a hipocrisia, doutor. A cidade precisava do senhor, e o senhor fugiu. Agora finge que não estava salvando a própria pele, mas uma tal «descoberta». Abandonou os doentes, violou o juramento de Hipócrates — em nome da ciência?
29234.9	Os pacientes que eu «abandonei», como o senhor diz, não podiam ser salvos. Mas salvei o conhecimento que garantirá que a peste não faça mais vítimas no futuro. Isso é mais importante.
29234.10	Conduzi centenas de interrogatórios na minha carreira. Mas em todo o meu tempo como investigador, nunca conheci alguém tão… cheio de si e arrogante. Ainda assim, admito — o senhor me venceu aqui. A sua alegação é tecnicamente correta.
29234.11	Então posso ir?
29234.12	Seus colegas atestaram pelo senhor. Afirmam que sua pesquisa é um «avanço» que salvará milhares de vidas no futuro. Uma pena que essas vidas futuras tenham sido pagas com vidas passadas, não é?
29234.13	Pare de fingir que sente pena dos meus pacientes. A única coisa que o aborrece é ter que me soltar agora. Então quem é o hipócrita, inspetor?
29234.14	Sim. É uma pena. Mas cumpri meu dever de médico. Não foi isso que o senhor me acusou de negligenciar?
29234.15	Seus colegas atestaram pelo senhor. Afirmam que sua pesquisa é um «avanço» que salvará milhares de vidas no futuro. Pena que tenhamos que fechar a Thanatica de qualquer forma.
29234.16	Como é que é?
29234.17	Repito: a Thanatica está fechada por tentativas criminosas de minar os próprios fundamentos da realidade. A decisão é final, sem apelação. Quanto ao seu destino futuro — é aí que fica interessante…
29234.18	O senhor está se contradizendo. Será que lhe enviaram os documentos errados?
29234.19	Não há erro algum, meu caro Bachelor. O senhor ao menos entende qual era a acusação real contra a Thanatica? Sim, desvio de verbas, sim, teorias pseudocientíficas…\nMas também — o próprio desejo de pisar o fundamento da nossa existência, que é o fim mortal de toda carne pecadora.
29234.20	Estranho. O senhor abre a boca, mas o que ouço é a voz do Karminsky.
29234.21	A Thanatica está proibida e condenada. Essa é a decisão das Autoridades Onipotentes. Talvez elas realmente tenham achado os argumentos da Inquisição os mais convincentes.\n\nE o senhor, inestimável Bachelor, brincou por tempo demais com o fatum.
29234.22	«Brincou com o fatum»… Quando percorri a maldita rua Lyuricheva. Meu Deus…
29234.23	Não ousaria julgar onde o senhor andou e onde não andou. Minha tarefa é pequena: deixar claro que esta decisão não será alterada.
29234.24	Será. Deve! Ela não é real. A Thanatica está sendo fechada não por causa das minhas decisões, mas porque percorri a rua proibida… E ela ditou o meu destino ao senhor. Não a escute!
29234.25	Como queira, inestimável Bachelor.
29234.26	Não, sério — pense: <i>é ilógico</i> me punir por uma descoberta científica!
29234.27	Está escrito aqui que o senhor é livre para ir. Por enquanto. As suas ações pessoais não podem ser consideradas criminosas, portanto — o senhor está livre.
29234.28	Está zombando de mim? Não estou livre — estou acorrentado ao pior dos mundos.
29234.29	Parece que isso realmente não pode ser mudado. Eu fui avisado.
29234.30	Adeus.
29234.31	O senhor gosta de ser uma marionete, posta em movimento pela engenharia da Lyuricheva?
29234.32	E fui avisado…
29234.33	Quer dizer que os seus mandantes se beneficiam com a morte das pessoas? Para que nenhuma baratinha fique forte demais, é?
29234.34	Quero dizer exatamente o que digo. A Thanatica está proibida e condenada. Essa é a decisão das Autoridades Onipotentes.\n\nReceio, inestimável Bachelor, que o senhor tenha brincado por tempo demais com o fatum.
29234.35	Não acredito. O senhor está ajustando os argumentos à conclusão. Eu entendi a natureza da peste — as acusações devem cair!
29234.36	Talvez devessem. Talvez. Mas não cairão. A Thanatica está proibida e condenada. Essa é a decisão das Autoridades Onipotentes.\n\nReceio, inestimável Bachelor, que o senhor tenha brincado por tempo demais com o fatum.
29234.37	O senhor enlouqueceu? Eu decifrei a Peste Arenosa — deviam me dar uma medalha!
29234.38	Eu <i>estou</i> correto. Que bom que estamos de acordo.
29234.39	E o que o senhor teria feito, inspetor?
29234.40	Já disse muitas vezes e estou cansado de repetir: fui atraído para aquela cidade para que, na minha ausência, destruíssem a minha criação, o meu laboratório, a Thanatica. Só «fugi» da cidade para salvar a tanatologia.
29234.41	Sabe, quando assumi o seu caso, pensava que estava lidando com um homem de profundidade, de complexidade — um homem em circunstâncias extraordinárias. Imagine a minha decepção.
29234.42	Se a minha história não parece complexa o bastante para o senhor, então o senhor não estava prestando atenção.
29234.43	Oh, mas eu estava. Registrei cada palavra sua com grande diligência. É exatamente esse o ponto — o senhor inventou tantas histórias: um homem imortal, conspirações, a peste, os segredos da cidade — e para quê? Para no fim fugir com o rabo entre as pernas?
29234.44	Não eram histórias. Tudo o que contei é a verdade.
29234.45	É irônico, caro Bachelor, que não uma, mas duas vezes o senhor tenha fugido vergonhosamente pela Thanatica — primeiro da Capital para a cidade, depois da cidade para a Capital. E, no entanto, foi tudo em vão: a sua fuga, a sua caçada ao homem imortal… Foi — tudo — em vão.
29234.46	Não, não foi. Continuarei trabalhando e lutando aqui.
29234.47	Sabe… os verdadeiros servidores da morte não são os assassinos, mas os cínicos como o senhor, que acham que entenderam a vida — e a acharam sem sentido.
29234.48	Reuni dados suficientes sobre doenças virulentas para justificar a continuação do trabalho da Thanatica. Continuaremos as pesquisas.
29234.49	Ha-ha, essa é nova. Quem lhe disse isso? Ou o senhor se hipnotizou acreditando nisso? Bem-aventurado o que crê. Vá então… contemplar o fruto do seu trabalho.
29234.50	Estou livre para ir? Finalmente.
29234.51	Não gosto nada do tom disso…
29234.52	Um Inspetor de investigações me dando lição de moral. Que ironia.
29234.53	A principal ironia, doutor, é que não uma, mas duas vezes o senhor fugiu vergonhosamente pela Thanatica — primeiro da Capital para a cidade, depois da cidade para a Capital. E, no entanto, foi tudo em vão: a sua fuga, a sua caçada ao homem imortal… Foi — tudo — em vão.
29234.54	Quem teria ganhado alguma coisa se eu tivesse morrido numa cidade condenada? A Thanatica? A Academia? A humanidade?
29234.55	A sua consciência?
29234.56	Eu disse desde o começo: a minha vida e a minha batalha de verdade são aqui, na Capital. Aquela cidadezinha foi imposta a mim.
29234.57	Impressioná-lo nunca foi o meu objetivo.
29234.58	O senhor inventou tantas histórias — um homem imortal, conspirações, a peste, os segredos da cidade — e para quê? Para no fim fugir dela? Trocou as vidas de milhares pelo seu miserável laboratório. E nem isso adiantou — a Thanatica não existe mais.
9355.0	A Capital
9355.1	Foi assim que acabei aqui. Foi assim que sobrevivi. Sobrevivi porque não restou chance de salvar a cidade — restou chance apenas para a Thanatica.\n\nNão tenho nada do que me envergonhar.
14313.0	O Final
14313.1	O que aconteceu com a cidade? Não sei. Provavelmente será destruída. Mas trouxe comigo o que há de mais valioso — o conhecimento sobre a natureza da epidemia. Com ele, salvarei milhões de vidas.
25470.0	Tarde Demais
25470.1	…tarde demais.
42758.0	Fatum
42758.1	Mas, no fim das contas, as minhas ações não afetaram nada. O que importava era a escolha que fiz há muito tempo, e de forma precipitada.
47586.0	Glória Póstuma
47586.1	Sem o Yakov Pontinho, dificilmente teria entendido a peste. Ele é coautor da descoberta e salvador do meu laboratório. O mundo não o esquecerá.
67159.0	Quero que saiba que desprezo gente como o senhor — num nível pessoal. Vocês se acham visionários, mas tudo o que fazem é sugar subsídios de quem precisa mais — por causa do próprio umbigo.
67159.1	«Quem precisa mais» — como o senhor? Para produzir novos tipos de gás letal que teremos que dispersar com vários protótipos?
67159.2	Só queria que soubesse. Fui eu que me voluntariei para esta prisão. Gosto das coisas limpas. Gosto de eliminar parasitas.
67159.3	É por isso que estou <i>coçando</i> para te dar um soco? Porque sou um parasita?
67159.4	O que está acontecendo?
67159.5	Chefe!.. Hoje a comissão rejeitou o último recurso e emitiu a decisão final: a Thanatica não existe mais. Eu e o Platon enrolamos o quanto pudemos, esperando o senhor…\nO senhor conseguiu, não conseguiu? Encontrou o homem imortal? Estamos salvos?
67159.6	Receio que todos os boatos sobre a imortalidade fossem histórias. A cidade mantinha registros ruins de nascimentos e mortes.
67159.7	Voltei o mais rápido que pude — a peste colocou a cidade em quarentena. Cheguei tarde?
67159.8	O senhor disse que traria provas. Algo que ajudasse a convencer a comissão de que a nossa pesquisa é promissora. O senhor… não trouxe? Então estamos condenados?
67159.9	Eu pensei que teria mais margem de manobra na Capital.
67159.10	Como eu disse. Vocês são todos tão elevados quando discorrem sobre assuntos que ninguém pode verificar. Mas diante de uma tarefa prática simples: curar uma doença — ela logo se torna insolúvel. E então? Quebrou a própria quarentena e fugiu para espalhar a infecção pelo país. Você devia estar na cadeia…
67159.11	Nem um Inquisidor do Estado resolveu essa «tarefa prática simples».
67159.12	Eu não estou infectado. Não posso estar!
67159.13	Vá para o inferno! Será que até voltar foi um erro…?
67159.14	Recomeçaremos do zero. Naquela cidade, eu teria morrido!
67159.15	Para um amante da limpeza, o senhor tem botas excepcionalmente sujas.
52685.0	A Fortaleza dos Duas-Almas
52685.1	De onde mais o Khan fugiria, senão do covil do inimigo?
59956.0	
59956.1	Isso podia ter sido evitado
59956.2	Aqui mesmo
59956.3	O segundo dia da peste
59956.4	Mas não se pode salvar todo mundo?
41835.0	
41835.1	Um garoto dos Kain
41835.2	Morto pelas costas
41835.3	Estava fugindo
41835.4	…alguém vai contar para eles
72970.0	
72970.1	Vi algumas crianças infectadas
72970.2	Ele matou
72970.3	Então ele não é mais uma criança, é?
34303.0	Crime Monstruoso
34303.1	O herdeiro dos Kain caiu, atingido por um golpe traiçoeiro. Não se vê isso todos os dias. Nos Armazéns habita o rival dele — vou perguntar a ele.
51553.0	Crianças Não Matam Crianças
51553.1	Os jogos causaram a morte de muitas crianças. O cacique Notkin está morrendo de peste, mas antes da morte matou pessoalmente Kaspar Kain. Isso é loucura.
29494.0	Como Fazer História
29494.1	A guerra entre as crianças entrou em fase quente no segundo dia — por causa de uma bobagem. Naquela época, ainda podia ser evitada.
61463.0	Quem está aí? Não vejo. É você, Urso?
61463.1	O que está acontecendo aqui?
61463.2	Já nada. Tudo já aconteceu. Quem poderia prever que a guerra terminaria assim — tão… idiotamente.\n\nMas talvez seja assim que toda guerra termina: os dois lados destruídos. Agora aprendi. E o que isso me comprou? Até o Artista, meu gato, me abandonou… Todos os nossos animais-alma fugiram. Decepcionados com a gente, provavelmente. É claro.
61463.3	Não é hora de chorar por animais — a cidade tem a peste, você tem a peste! E como os animais poderiam se decepcionar? Isso não é um conto de fadas.
61463.4	Você é adulto, um crescido. Não nota as guerras das crianças — para você elas ficam longe, no avesso da sua vida adulta. Mas nós — os Duas-Almas e os Cabeças-de-Cão — nos desgastamos mutuamente por uma semana…\n\nNo começo não era sério. E então… correu sangue de verdade. De verdade… Foi quando os animais-alma foram embora. Quem entre os Cabeças-de-Cão sobreviveu se aprofundou na Torre. E nós… bem. Você está vendo.
61463.5	Pelo que vocês estavam lutando?
61463.6	Por estupidez. Por teimosia. Pelo que mais as guerras começam? Estamos de facas afiadas há tempos — desde que saí da Torre e outros vieram comigo. O Khan… nunca me perdoou. Os que ficaram na Torre nos chamaram de traidores.\n\nNós só queríamos que eles acordassem! Eles vivem como se dormissem, selados na torre de vidro deles — a vida real não significa nada para eles…\n\nHá dez dias pegamos um cachorrinho deles — ele tentou surrupiar nossas lanternas. Nós o colocamos numa jaula, e ele morreu lá. Os amigos dele vieram se vingar. Foi só isso que bastou para a guerra.
61463.7	Você fala como o seu Urso. Quero dizer, o Burakh. Ele também acha que o Poliedro é um engodo.
61463.8	É por isso que o Urso é o mais esperto dos adultos. Ele nunca esteve na Torre, nunca viu como ela confunde a cabeça — e mesmo assim entende.
61463.9	E, no entanto, quem está te matando é a peste — não essa guerra de gangues infantis.
61463.10	Você está errado — isso também é da guerra. Nós e eles procurávamos novos esconderijos na cidade, lugares para emboscadas e esconderijos… Escalávamos casas abandonadas. Alguém pegou a doença — nem dá mais para dizer se foi um nosso ou um deles. De todo jeito, nos infectamos uns aos outros.\n\nO Khan… deu sorte. Não se infectou. Fui eu que atirei nele, pelas costas… como um covarde. Como o mais baixo dos covardes.
61463.11	Por quê?!
61463.12	Como eu vou explicar? Estou enojado comigo mesmo. A guerra agitou o pior em todos nós. Sabe quando um riacho está limpo, e você joga uma pedra, e todo o lodo sobe do fundo? Foi o que aconteceu com a gente.\n\nNos encontramos para negociar, e eu já via a peste em mim — e nenhuma nele. No dia anterior, tinha tirado um revólver de um bandido morto. E então a minha mão… se moveu.
61463.13	Atirar no rival pelas costas é uma vileza.
61463.14	Eu sei. Estou enojado comigo mesmo. A guerra agitou o pior em todos nós. Sabe quando um riacho está limpo, e você joga uma pedra, e todo o lodo sobe do fundo? Foi o que aconteceu com a gente.\n\nNos encontramos para negociar, e eu já via a peste em mim — e nenhuma nele. No dia anterior, tinha tirado um revólver de um bandido morto. E então a minha mão… se moveu.
61463.15	Você matou uma pessoa por nada! Você entende isso?!
61463.16	Todos nós morremos por nada. Eu mesmo morrerei esta noite — por nada. Chame de inveja. Pensei: por que os meus Duas-Almas que sobreviveram ficariam sem cacique? O que os cachorrinhos dele têm de melhor? Se eu vou morrer — que morramos os dois.\n\nE agora… me arrependo. Do jeito que ele me olhou enquanto sangrava. Eu diria que me lembrarei até a morte — mas você sabe.
61463.17	É atroz… Deve haver um jeito de desfazer isso! Não só a morte do Khan — toda a sua guerra infantil sem sentido! O que a começou? Lembre-se do seu <i>casus belli</i> — o seu pretexto — eu lhe imploro, lembre-se!
61463.18	Você não está doente, médico? Como vai consertar o que já aconteceu?\n\nE eu não preciso lembrar de nada — lembro como se fosse agora: pegamos um dos Cabeças-de-Cão, e ele foi e morreu. Eu até mandei chamar você na época, quando vi que ele estava piorando. No segundo dia depois da sua chegada.
61463.19	E eu não vim…
61463.20	Eu lembro. Eu vim na época, mas dei de ombros para vocês…
61463.21	O segundo dia, então? Eu… eu vou consertar tudo. Pode duvidar de mim, mas consertarei. Ainda nos encontraremos. Prometo.
61463.22	Quem poderia imaginar que as crianças começariam a se matar…
61463.23	<i>Cave tibi a cane muto et aqua silente.</i>
61463.24	Tenho certeza de que você estava delirando. A Peste Arenosa traz febre e agonia; a maioria perde a clareza.
61463.25	Não procure justificativas para mim. Eu não as mereço. Chame de inveja. Pensei: por que os meus Duas-Almas que sobreviveram ficariam sem cacique? O que os cachorrinhos dele têm de melhor? Se eu vou morrer — que morramos os dois.\n\nE agora… me arrependo. Do jeito que ele me olhou enquanto sangrava. Eu diria que me lembrarei até a morte — mas você sabe.
61463.26	Eu não sei o que dizer.
61463.27	Chame de inveja. Pensei: por que os meus Duas-Almas que sobreviveram ficariam sem cacique? O que os cachorrinhos dele têm de melhor? Se eu vou morrer — que morramos os dois.\n\nE agora… me arrependo. Do jeito que ele me olhou enquanto sangrava. Eu diria que me lembrarei até a morte — mas você sabe.
61463.28	Não devia ser assim… vocês são só crianças!
61463.29	Você acha que criança é só brinquedo e bobagem? Estamos de facas afiadas há tempos — desde que saí da Torre e outros vieram comigo. O Khan… nunca me perdoou. Os que ficaram na Torre nos chamaram de traidores.\n\nNós só queríamos que eles acordassem! Eles vivem como se dormissem, selados na torre de vidro deles — a vida real não significa nada para eles…
61463.30	Do que você está falando? Estou na cidade há dez dias e não vi guerra nenhuma.
61463.31	É o Dankovsky.
61463.32	Ah, o médico. Mal consigo ver você por causa desse pano. Mas até que é bom — não ver. Não quero mais ver nada.
61463.33	Você está infectado?
61463.34	Sim, mas… Mesmo se eu estivesse saudável — o que mudaria? Quem poderia prever que a guerra terminaria assim — tão… idiotamente.\n\nMas talvez seja assim que toda guerra termina: os dois lados destruídos. Agora aprendi. E o que isso me comprou? Até o Artista, meu gato, me abandonou… Todos os nossos animais-alma fugiram. Decepcionados com a gente, provavelmente. É claro.
14245.0	Limites
14245.1	O Pontinho tentou entender a peste até o fim. Um pouco mais de pesquisa, mais alguns focos destruídos — e ele teria dado o passo final.
56595.0	Possui Razão
56595.1	A peste não pôde deixar de responder a um chamado tão desesperado.
70942.0	Tio doutor! Estou te procurando de novo! Vá ao hospitá — estão chamando você!
70942.1	Ah, é você de novo? O que aconteceu no hospital? Não me diga que encontraram outro paciente.
70942.2	Quem está chamando?
70942.3	Meu irmão. O Yashka. Opa! Quero dizer, o Yakov — um homem muito importante! Quase como você, só que nosso. Daqui.
70942.4	Você é irmão do Pontinho?
70942.5	Eu sou o Pontinho! Melhor sobrenome que existe, não é? Todo mundo se esforçando, inventando apelidos chiques — nós já tínhamos o nosso pronto. Eu e o Yashka… Quero dizer, o Yakov. Opa.
70942.6	Concordo, um sobrenome maravilhoso. Invejo você. E seu irmão é do tipo certo.
70942.7	É o que eu digo. E ele diz que você precisa ir ao hospitá — tem algo lá, algo muito científico. Coisa científica pode ser urgente? Eu achava que ciência era para juntar poeira nas prateleiras… e ainda assim o Yashka — meu irmão — diz que é urgente.
70942.8	Então você viu o Yakov hoje? Pois bem. Vá vê-lo de novo — direto no hospital, eu autorizo. Hoje… há pouco trabalho. Há tempo para só conversar. Quem sabe quando teremos isso de novo.
70942.9	Como você é bondoso. Suspeito!\n\nVocê mesmo precisa ir ao hospitá — tem algo lá, algo muito científico. Coisa científica pode ser urgente? Eu achava que ciência era para juntar poeira nas prateleiras… e ainda assim o Yashka — meu irmão — diz que é urgente.
70942.10	Então para que ele está me chamando? Não me diga que encontraram outro paciente.
70942.11	Não — não é um paciente! Tem algo lá, algo muito científico. Coisa científica pode ser urgente? Eu achava que ciência era para juntar poeira nas prateleiras… e ainda assim o Yashka — meu irmão — diz que é urgente.
70942.12	Se a ciência fizesse só juntar poeira nas prateleiras, esta cidade não teria aguentado nem metade do tempo.
70942.13	Científico — e urgente. Hm. Vou me apressar.
70942.14	Obrigado. A você — e ao seu irmão.
32766.0	O Hospital
32766.1	O mortalmente doente Yakov Pontinho deseja me ver.
24919.0	Carne da Carne da Terra
24919.1	As cepas da peste se comunicam entre si — vença uma, e as outras aprendem o método e ganham proteção. Uma vacina permanente é impossível.
21031.0	Horas Extras
21031.1	O moribundo Pontinho deseja me ver. Ele entendeu algo importante.
68433.0	Transferência de Propriedades
68433.1	…isto não é milagre da estepe — é ciência. Talvez outras bactérias também possam trocar informações. Isto é um avanço de verdade!
38526.0	Doutor! Isto é provavelmente audacioso da minha parte, mas acho que agora entendi tudo. Sobre a peste.
38526.1	Então — o senhor fez outra descoberta? Como? Quando…
38526.2	É tudo graças ao seu trabalho, doutor! Só juntei dois mais dois quando dados suficientes se acumularam.
38526.3	Nada de modéstia.
38526.4	Nós nos esforçamos e nos esforçamos: por que a peste é tão imbatível — qual é o truque? Por que ela muda tão rápido, por que a vacina de ontem para de funcionar hoje…\n\nPorque ela se avisa! Ela conversa consigo mesma!
38526.5	O quê?
38526.6	Digamos que temos dois pacientes com a peste: tentamos tratar um, e não tratamos o outro. Então eles se encontram — aqui no hospital, por exemplo. Respiram um no outro, tossem.\n\nEntão as duas pestes se encontram. Uma cepa já sabe como tentamos matá-la — e avisa a outra para não cair nos nossos truques. E a segunda, veja… fica mais esperta.
38526.7	Hm.
38526.8	Eu vi isso, doutor! E o senhor também viu. Literalmente todos os dias. Enquanto o senhor esteve fora, conferi os registros: quem entrou quando, em qual cama foi alocado, quem eram os vizinhos… dá para ver tudo nos registros!\n\nAcho que um dia será possível ver até nos instrumentos — daqui a anos… quando forem mais poderosos. Ela tem que ter algo responsável por isso — umas partes… órgãos… seja qual for a palavra certa.
38526.9	Tem que ter algo. Ainda sabemos longe de tudo sobre a estrutura das bactérias.
38526.10	O senhor vai me ignorar, eu sei, mas alguns pacientes juram que a ouvem falar — não uma voz só, mas muitas, como um coro inteiro.\n\nEu também achei que fosse delírio febril. Mas esse delírio foi o que me fez conferir nos registros como a peste muda de paciente para paciente, se há um padrão…
38526.11	As vozes da peste são bobagem. Ainda assim — se a bobagem o inspirou, então… sou grato a ela.
38526.12	Anotei tudo o que pude. Nas minhas palavras — não sei escrever como um cientista. Mas o mais importante é não perder os registros, os prontuários — sem eles, é tudo só… palavras.\n\nO senhor vai manter a nossa papelada em ordem, não vai? Quando eu não puder mais.
38526.13	Yakov… você não imagina o quanto sinto. Que você não viverá para ver o seu triunfo — o seu retrato nos livros didáticos…
38526.14	Ora, pare com isso, doutor. Que retrato? O que importa é que esse conhecimento sirva a alguém. Que morram menos pessoas — se não aqui, ao menos no futuro. Não preciso de mais nada.
38526.15	O verdadeiro cientista é você — não eu. Que se danem os títulos acadêmicos.
38526.16	Prometo que esta descoberta não afundará no esquecimento.
38526.17	Verei a isso.
38526.18	Talvez o senhor devesse partir, afinal?
38526.19	O quê?!
38526.20	Leve a descoberta para a Capital enquanto não é tarde — antes de perecer aqui mesmo.\n\nNós dois entendemos: a Cidade está à beira; já não pode ser salva… Pessoas individualmente — talvez. Todas juntas — dificilmente. Mas na Capital… lá o senhor pode garantir que o que aconteceu conosco não se repita em outro lugar.
38526.21	Eu não sei. Talvez o senhor tenha razão. Devo considerar isso com cuidado.
38526.22	Não vou partir. Agora — não.
38526.23	Seja como for… obrigado, Yakov. Por tudo o que fez por mim.
38526.24	O senhor já me disse isso.
38526.25	Direi de novo: leve a descoberta para a Capital enquanto não é tarde — antes de perecer aqui mesmo.\n\nNós dois entendemos: a Cidade está à beira; já não pode ser salva… Pessoas individualmente — talvez. Todas juntas — dificilmente. Mas na Capital… lá o senhor pode garantir que o que aconteceu conosco não se repita em outro lugar.
38526.26	Tudo isso vai precisar de verificação, experimentos… Ainda assim — o senhor capturou algo vital.
38526.27	Então. Ela se adapta. Se desenvolve. Aprende a sobreviver. Corre conosco — e está sempre à frente.
38526.28	Se… se a peste é de fato capaz de trocar informações, de «aprender», isso explica muita coisa. E é aterrorizante.
38526.29	São observações suas? De pacientes reais no hospital?
38526.30	Vá direto ao ponto.
38526.31	Conte-me.
55718.0	Voltou, doutor?
55718.1	Só estava passando.
55718.2	Sabe… talvez seja audácia minha. Talvez presunção. Mas não paro de pensar: nós poderíamos ter — poderíamos ter entendido algo sobre a peste! Descoberto por que ela é tão tenaz, tão imbatível…
55718.3	Talvez pudéssemos.
55718.4	Só não pense que estou te culpando! Só fico remoendo: e se tivéssemos mais diagnósticos corretos? E se tivéssemos feito alguns experimentos, ou algo assim…\n\nÉ uma pena, uma pena tão grande — que trabalhamos e trabalhamos, e nunca chegamos àquilo que de verdade teria salvo pessoas.
55718.5	É uma pena.
55718.6	Doutor… O senhor vai partir daqui, não vai? Já que tudo deu errado — então ao menos não morra aqui também.
55718.7	O quê?!
55718.8	Eu — estou infectado, vou morrer, e daí. Mas o senhor não pode. O senhor é um grande cientista; na Capital tem um laboratório e assistentes mais espertos. Com eles, o senhor pode descobrir coisas incríveis!\n\nPense: se aqui não conseguimos vencer a peste — na Capital o senhor fará o trabalho frio, o trabalho de papel, e descobrirá como impedir que ela volte.
55718.9	Nunca esperei ouvir essas palavras — menos ainda de você.
55718.10	Se todos os que trabalharam no hospital caírem com a peste — então foi tudo em vão. Então tudo o que aprendemos aqui — tudo o que tentamos — vai simplesmente desaparecer. Mas isso podia ser útil… para a ciência, para as pessoas. Para <i>todas</i> as pessoas, não só desta Cidade.
55718.11	Mas eu quero salvar <i>esta</i> Cidade.
55718.12	Você pode ter razão. Vou considerar.
55718.13	É o desespero falando em você. Mas estou pronto para lutar mais um pouco — junto com você.
55718.14	Então o senhor pode ficar no posto até o fim, e eu não posso?
55718.15	Você já me disse isso.
55718.16	E direi de novo: a sua mente não deve perecer aqui. Na Capital o senhor fará mais bem! E… bem… o senhor não vai deixar que eles nos esqueçam. A nossa tragédia. Não vai, vai?
55718.17	Não vou. Prometo, Yakov.
55718.18	Não vou partir. Agora — não.
55718.19	Preciso pensar. Pensar muito a sério sobre o que vou fazer.
55718.20	Doutor… O senhor vai partir daqui, não vai? Já que tudo deu errado — então ao menos não morra aqui também. E a nossa primeira descoberta — que a peste não tolera outras doenças.
55718.21	Fizemos tudo o que estava ao nosso alcance.
55718.22	A culpa é minha. A peste está em todo lugar, mas dediquei pouco tempo às questões médicas.
55718.23	Aqui — no meio do nada — sem equipamento, sem ajuda, sem dinheiro? Não.
55718.24	Acho que talvez essa doença não se renda à compreensão racional. Talvez os homens da estepe estejam certos — que não é uma infecção, mas um tipo de… mal de conto de fadas.
55718.25	Sabe… talvez seja audácia minha. Talvez presunção. Mas não paro de pensar: nós poderíamos ter — poderíamos ter entendido a peste até o fim! Descoberto por que ela é tão tenaz, tão imbatível…\n\nDemos o primeiro passo — poderíamos ter dado outro.
55718.26	Como você está, Yakov?
5847.0	Daniil, espere… Você realmente sabe sobre… bem, a morte?
5847.1	Sei muito sobre ela, mas não o suficiente.
5847.2	Você sabe que para vencer o inimigo é preciso olhá-lo nos olhos, né? Erguer a viseira e olhar direto nos olhos dele. Se você é um cavaleiro.
5847.3	Sei disso. E não tenho medo da morte.
5847.4	A morte não existe, Daniil. Eu realmente… realmente, realmente acredito nisso.
5847.5	Eva, me dê a mão. Você queria conversar sobre algo?
5847.6	Queria. Mas não com palavras.
5847.7	O quê?
5847.8	O fato de que a morte não existe.
5847.9	Não entendo. Mas vejo que não arrancarei mais nada de você.
5847.10	Venha ajudar no hospital. Lá você pode enfrentar a morte todos os dias.
5847.11	A morte existe. Mas um dia, ela deixará de existir.
5847.12	Ao batalhar contra a morte, é preciso ser mais um estrategista sábio do que um guerreiro.
5847.13	Esta conversa me inquieta. Você está insinuando algo nas entrelinhas.
5847.14	O que exatamente te interessa?
5847.15	Por que você está me olhando de um jeito tão estranho?
23332.0	A Eva Não Existe Mais
23332.1	A Eva tirou a própria vida. Como pude permitir isso?
76406.0	Fé
76406.1	A Eva afirma que a morte não existe. Afirmação discutível.
18865.0	Fé
18865.1	A Eva afirma que a morte não existe. Afirmação discutível.
65706.0	A Catedral
65706.1	O Inquisidor se recusa a me soltar sem uma conversa diária.
27226.0	
27226.1	Prenúncio de desgraça
27226.2	Por que ela veio?
27226.3	Ela não poderia ter… bobagem!
27226.4	Por que ela nos fecharia?! O que somos para ela?
33261.0	
33261.1	Está claro. O Inquisidor enlouqueceu
33261.2	O trabalho é prejudicial, se você pensar bem
33261.3	Não há exame psiquiátrico regular previsto
33261.4	A morfina afeta a psique… não da melhor forma
64891.0	
64891.1	Agora me lembro de uma visita estranha
64891.2	Ainda estávamos nos debatendo
64891.3	Enquanto o laboratório era esquartejado pedaço por pedaço
36427.0	
36427.1	Um homem gentil, sem conflitos
36427.2	Quando se trata da vida do laboratório…
36427.3	…ele se torna mais feroz que um leão
74777.0	
74777.1	As pessoas mal tinham começado a se afastar
74777.2	As aulas eram canceladas — raramente e por motivos ponderosos
74777.3	Apertos de mão eram recusados — por acidente
14853.0	
14853.1	Nunca tolerou a Inquisição
14853.2	Nunca descobri: algo pessoal?
14853.3	Ou é só o temperamento dela?..
17957.0	
17957.1	Se ao menos eu pudesse voltar…
17957.2	Não acredito nas imagens de destruição do pesadelo
17957.3	Olha — está tudo como antes!
40857.0	…e esses morphos, veja, podem viver em cativeiro — bem, cerca de um mês.\n\nMas aquele espécime ali — o apático, com a asa rasgada — está vivendo no nosso laboratório há — quer adivinhar? Não? Dezessete semanas!
40857.1	Há apenas um ano, o chefe do seu laboratório trouxe uma paciente de volta da morte clínica diante de uma plateia atônita. Ele palestrava — de forma bem inspirada — sobre o envelhecimento celular.\n\nE agora o limite das suas ambições são drosófilas e morphos?
40857.2	Sabe, em certo sentido, as drosófilas são até mais interessantes que as borboletas! Os resultados que elas mostram são — onde foram parar aquelas anotações? Deixe-me encontrá-las e ler para a senhora…
40857.3	Você é um otimista notável, Platon. É um milagre que o seu superior o tolere — dados os ambições dele.
40857.4	Nos damos perfeitamente bem. Talvez eu precise mesmo de um otimista em tempo integral — senão o meu desespero matará até as drosófilas.
40857.5	Fico feliz por vocês. O talento para escolher uma equipe já é metade do trabalho.\n\nAinda assim, não posso deixar de notar a ironia amarga: vocês criam drosófilas — e, ao mesmo tempo, na sua própria <i>alma mater</i>, vocês foram reduzidos ao nível de insetos.
40857.6	É difícil trabalhar a sério quando o trabalho é sabotado de todos os lados — colegas, o Conselho Acadêmico, as autoridades.
40857.7	É claro. Nossos fracassos são sempre culpa de outra pessoa, não é?\n\nHá seis meses ofereci ajuda. Eu poderia tê-lo protegido, ajudado no caminho. Você recusou. E para onde essa recusa o levou?
40857.8	Como o Platon tão gentilmente explicou, os insetos são extraordinariamente promissores. E eles resistem.
40857.9	A bravata lhe faz crédito, mas não me engana.\n\nHá seis meses ofereci ajuda. Eu poderia tê-lo protegido, ajudado no caminho. Você recusou. E para onde essa recusa o levou?
40857.10	A Lilich estava irritada. No encontro anterior, no torneio de xadrez, ela ofereceu proteção, e você recusou. Por quê?
40857.11	Karminsky, quem conta o que aconteceu entre mim e a Lilich — eu ou o senhor? Vamos em ordem.
40857.12	Estou guiando você pela memória — o serviço inquisitorial ensina certas técnicas. Na verdade, não há nada de notável nisso. Apagar memórias, como foi feito com Victor Kain, é muito mais difícil.\n\nNão divague. Você disse à Lilich por que recusou naquela época? Por que fez isso?
40857.13	Eu não sou idiota. Ninguém ofereceu «ajuda» num torneio de xadrez — eles queriam me apropriar. A mim e à Thanatica.
40857.14	Parabéns. Você preservou a independência. E perdeu o trabalho da vida.\n\nO que está acontecendo com a Thanatica agora é agonia. Você mantém a aparência de que ainda tem tudo pela frente. Não tem. Não acredito que você não entenda.
40857.15	Por que ela veio à Thanatica naquele dia? Pouco antes da sua partida. Gente como ela não desperdiça tempo com conversa fiada, com provas de superioridade. O que significa que tinha um propósito. O que, precisamente, ela queria?\n\nVamos. Lembre-se.
40857.16	Eu não sei. Não perguntei. Estava furioso demais. As palavras dela me tocaram num nervo.
40857.17	O que a senhora quer, Lilich? Já a recusei uma vez — quer ouvir outra recusa?
40857.18	Ele se enganou sobre você. Que pena.
40857.19	Quem — ele? De quem ela está falando?
40857.20	Eu não sei.
40857.21	Você está mentindo. A única questão é — para mim, ou para si mesmo.
40857.22	Mas eu realmente não sei!
