17648.14	Parece que fechei seu diagnóstico, só um minuto… E pare de se culpar, Bobok. Você é uma boa pessoa. Talvez até <i>de mais</i>.
17648.15	Olha só, que teatrólogo. E então, conseguiu ver muitas peças antes de abrirem o hospital aqui?
17648.16	Nossa vida inteira é uma peça. Pense bem: não é teatro quando os artistas — <i>de repente</i>, como nós — viram sem-teto? Agora encenam ao ar livre. A vida, como uma peça, nunca para — e não importa se te expulsaram de casa ou se o cenário despencou dos cabos…
17648.17	Pois é, comigo é a mesma coisa: não devo parar, aconteça o que acontecer. Vai responder minhas perguntas?
17648.18	Pode perguntar, doutor. É disso que a gente precisa, de outro — um pouquinho de atenção. E que seja por necessidade, isso eu entendo. Quem ia querer conversar comigo sem precisar de nada?
17648.19	De onde vieram tantos hematomas e arranhões?
17648.20	Ah… Eles aparecem sozinhos… Com o senhor nunca acontece: acorda, se olha — e parece que apanhou enquanto dormia?
17648.21	Eu não diria que isso é normal. Ainda mais nessa quantidade.
17648.22	Qual o quê… Eu durmo no chão, numa cobertinha fina. As pedras se enterram nas costas. Ou seja, eu apanho — da vida.
17648.23	Dorme com o <i>rosto</i> também enfiado nas pedras? Foram elas que te deram esses olhos roxos? No meu entender, você está é escapando da resposta.
17648.24	O senhor, doutor, vive tentando enxergar o mal. Não só a doença, mas o mal na pessoa — mentira, maldade e vício. Deixe-me ao menos respirar em paz no fim, estou a três minutos de ser defunto.
17648.25	E acordado, com certeza ninguém lhe bateu?
17648.26	Sua pele está em mau estado, e ainda vive se coçando…
17648.27	Aí me desculpe — falta de higiene. Como não se coçar e não ficar cheio de caspa? Sem banho, sem roupa pra trocar… Mas não estou reclamando, não vou gastar o fôlego à toa. Colhi o que plantei.
17648.28	E o machucado no lábio? Bem aqui… Surgiu sozinho ou foi golpe mesmo?
17648.29	Pode ter sido o vento, sei lá. Ou comi conserva da lata sem colher — e me cortei. Não sei dizer ao certo. Sabe, doutor, com toda ferida eu penso assim: se apareceu em mim, é porque eu mereci.
17648.30	Você me pareceu pálido demais. Andou empalidecendo ultimamente? Ou é sua cor natural?
17648.31	E onde é que eu vou pegar sol, doutor? No verão também não posso tirar a roupa: assim que tiro, ela desaparece. Some. Então tenho que guardar — vestido. Roupa nova ninguém me dá assim de graça. Mas tudo bem, dá pra aguentar.
17648.32	Receio ter me atrapalhado. Marquei sintomas demais para você. Só um instante…
17648.33	Pode ficar com todos os instantes que me restam. A vida já foi, de qualquer jeito.
17648.34	Como você fala isso com calma. Quem me dera ter essa sua resignação.
17648.35	Fique no hospital e me espere. Ao menos se aqueça e durma — e não no chão.
17648.36	Infelizmente, sua submissão ao destino atrapalha o diagnóstico. Digamos que você mereceu viver como vagabundo. E que mereceu todas as consequências. Está bem. Mas me diga de uma vez: seu estado piorou ou não ultimamente?
17648.37	Médico, não atormenta ele. Você já o tomou <i>de mim</i>… Eu é que devia curar esse sofredor — a mente e o coração dele estão abertos, prontos pra me receber.\nE você não liga pra mente nem pro coração dele — só quer pacientes pra sua vacina. Pra que vacina, se só o amor e a compaixão curam? Você sente compaixão por ele, médico?
17648.38	Sinto. Não consigo passar por um vagabundo sem o coração apertar. Na capital, sempre dava uma moeda aos irmãos de infortúnio dele.
17648.39	Compaixão, médico, é a chave de qualquer porta e a resposta pra qualquer enigma. É tudo o que você precisa saber.
17648.40	Compaixão não basta para fechar um diagnóstico. De certo modo, ela até atrapalha a avaliar os pacientes com clareza.
17648.41	Tem compaixão da vida miserável dele. Mas não na imaginação — <i>na prática</i>. Vai lá e vê como ele vive. Aí você vai entender de quem ele teve compaixão. Vai entender tudo, médico.
17648.42	Eu já pretendia fazer uma investigação, por assim dizer. De qualquer forma, o paciente não é lá muito útil.
17648.43	Se você por acaso sabe o que ele contraiu além da peste arenosa, podia ter me dado uma dica.
17648.44	Me custa admitir, mas você tem razão. Preciso ao menos olhar outros vagabundos — ver se têm sintomas parecidos.
17648.45	Está bem, terei compaixão desse bentinho. E daí? O que você sugere que eu faça?
17648.46	Não. Cave o passado de qualquer sem-teto — sempre vai achar o que ele fez pra acabar na rua. É responsabilidade dele.
17648.47	Clara, eu a deixei entrar no hospital não para você atrapalhar com sermões. Se não ajuda, ao menos não atrapalhe.
17648.48	Não fica zangado comigo, doutor. Sou assim mesmo, um <i>atrapalhado</i>. Fui atrapalhado a vida inteira — e à beira da morte continuo. Não salvei o touro, nem consegui te contar direito das minhas doenças.
17648.49	Mas que touro é esse que o senhor fica repetindo?
17648.50	Uma menina chorava, uma criancinha. Tiraram ela da casa infectada, mas o touro dela — esqueceram…
17648.51	O senhor pretendia invadir uma casa infectada por um <i>brinquedo</i>? Inacreditável.
17648.52	A razão não entende, mas o coração, sim.
17648.53	Está bem, Bobok. Seu caso é complicado, não estou conseguindo entender, então vou ter que visitar sua casa… Perdão. O lugar onde o senhor costuma dormir e guardar suas coisas. Espero voltar de lá inteiro.
17648.54	Espero que esse touro tivesse pelo menos algum valor.
17648.55	O maior valor que existe — o valor da alegria de uma criança.
17648.56	Já ouvi críticas demais por ter transformado o teatro em hospital. Vamos antes discutir seu estado, meu caro.
17648.57	A peça «Diagnóstico Diferencial», segundo ato. Pelo roteiro, agora é a hora de interrogar o paciente.
17648.58	Fique à vontade, vou examiná-lo.
17648.59	Pode parar de balançar um minuto? Senão não consigo coletar uma amostra para análise.
17648.60	Gosta de teatro, não é? Então assista à nossa peça da plateia. Por enquanto — mais tarde eu volto.
9932.0	Margem do Gorkhon
9932.1	Stakhoyak, o empregador de Kira, faz algo suspeito perto do rio
41782.0	Batar está triste. Digerindo. Mas a saudade não passa.
41782.1	Ei, você aí, de punhos alinhados! Conhece alguma canção?
41782.2	Está falando comigo? Não, não conheço canção nenhuma.
41782.3	Já jantou hoje? Hoje em dia nem todo dia se tem sorte com o jantar, a peste estragou tudo… Senta e come — a gente ainda está terminando o Gomray, sobrou um pouco pra você. Quem sabe com a barriga cheia você lembra de uma canção?
41782.4	Hum. Isso aqui é um chá da tarde?
41782.5	Quem é que toma chá de estômago vazio? Não é hora de chá, não — primeiro é encher a barriga, nem todo dia se tem sorte com a comida, a peste estragou tudo. Foi por isso que o Gomray serviu. A gente tá terminando, mas sobra um pouco se você estiver com fome.
41782.6	Terminando de comer — quem? Isso é piada? E se eu sacar o revólver agora?
41782.7	Aí vão me comer também. Senta, não esquenta. Que noite bonita, hein?
41782.8	Parem, não se aproximem!
41782.9	Vou indo, então. Bom apetite.
41782.10	O que essa criatura está fazendo aqui? Parece ainda menos humana que os odonghes.
41782.11	Esperando. Esperando os restos — o povo dele sempre vem buscar os restos. Povo econômico, khemnelttey… Então ele espera a gente terminar o Gomray — quem sabe a gente dá os ossos?
21933.0	Baleia tem barriga, trigo tem espiga, gente tem amiga, cachorro… Cachorro…
21933.1	Também tem barriga, hүүlnүүd.
21933.2	Repetir é burrice! Poesia não se faz assim!
21933.3	Faz sim. É poesia contemporânea. Da nova geração de autores.
21933.4	Eu não sou nova, não. Eu já juntei muitas palavras pra ficarem cantantes! Foi a Kira que me ensinou.
21933.5	Na verdade, foi a Kira que me mandou pra cá. Ela mandou um abraço pra vocês. Mas eu precisava falar com algum adulto.
21933.6	Aqui todo mundo é adulto, menos eu! Eu sou a menor.
21933.7	E pra que você quer adulto, tio?
21933.8	Assuntos chatos de adulto. Vocês não iam se interessar.
21933.9	Assunto de adulto também é interessante. Só que é sempre muito secreto.
21933.10	Será que a gente conta pro tio? E se ele precisar? Ele é amigo da Kira…
21933.11	Contar assim, e acaba a brincadeira? Nada disso! E você não disse que era chato quando não tinha nenhum adulto em casa? Chegou um adulto — temos que aproveitar!
21933.12	Espero que não seja pra sempre.
21933.13	Ah, vai ser um jogo novo!
21933.14	Vamos jogar? Quando terminarmos, vocês me dizem onde encontrar seus adultos.
21933.15	Tive uma ideia! Vamos jogar de adivinhar. O senhor, tio, adivinha qual é o nosso jogo favorito agora. E a gente te conta sobre os adultos.
21933.16	E se eu errar?
21933.17	Aí você é um boboca. E não é amigo da Kira. Será que a nossa Kira faria amizade com um boboca?
21933.18	Ai, eu também tenho medo de jogo de adivinhar! E se todo mundo descobre que eu não sei adivinhar?\nMas eu jogo mesmo assim! Só que primeiro eu conto meus palpites pra boneca… E ela me dá dica. Ela dá dica pro senhor também, ela é boazinha. Pode conversar com ela, eu deixo.
21933.19	Shpilka, que circo é esse? Deixa eu dar uma dica pro tio, ao menos? Pra ser justo.
21933.20	Por favor, me dê uma dica.
21933.21	Não adivinhe de cabeça, olhe ao redor. Mas não suba, lá em cima é o andar dos adultos, a gente não pode brincar lá. Nem mexer nas coisas dos adultos. Agora aqui embaixo, pode procurar não só no nosso quarto.
21933.22	Puxa… Essa foi grossa.
21933.23	E conte pra boneca, conte pra boneca primeiro! Com a boneca eu sempre acerto. E se o senhor for ruim de adivinhar, eu não vou rir, tá? A Kira diz que não saber pode, o que não pode é não se esforçar pra saber.
21933.24	Obrigado. Agora não tenho mais tanto medo de passar vergonha.
21933.25	Palavras sábias. A Kira é uma pessoa muito boa.
21933.26	E o que eu devo fazer?
21933.27	Usar dica conta como trapaça?
21933.28	Crianças, eu preciso muito falar com seus pais o quanto antes. Com pelo menos um deles.
21933.29	Me fazer companhia?
21933.30	Pegam o touro pelos chifres, e eu não tenho chifres. O touro tem barriga, e o pasto tem espiga…
21933.31	A Kira também ensinou o senhor a juntar palavras? Que legal! E pegar pelos chifres — esse jogo a gente ainda não jogou!
21933.32	Talvez nem precise. Talvez vocês possam me dar uma dica sem os adultos.
21933.33	Uma dica? A Kira te deu uma tarefa difícil, foi? Ela é assim! Mas mesmo assim ela é a melhor!
21933.34	Quero brincar de uma coisa com eles. De médico. Mas por enquanto só sai esconde-esconde.
21933.35	Um jogo? Jogo é melhor com a gente!
21933.36	Lombriga. Baleia tem barriga, trigo tem espiga, gente tem amiga, cachorro tem lombriga.
21933.37	É engraçado, mas é ofensivo.
21933.38	Eca! Cachorro é inteligente, não tem pulga! A Kira disse que quem é inteligente, vai ficar sempre bem.
