14357.3	Estou bem. Foi até curioso, de certa forma.
14357.4	Ah, entendo… Então, vamos ao trabalho?\nHoje temos três pacientes: Tuutey, o infeliz Corvinho e a Emilia, que tem enlouquecido todo mundo.
14357.5	Eu… eu não quero falar sobre isso. Os boatos chegam até aqui mais cedo ou mais tarde de qualquer jeito.
14357.6	O hospital continua funcionando apesar de tudo. Me diga, quem temos hoje?
14357.7	Temos três pacientes hoje: Tuutey, o infeliz Corvinho e a Emilia, que tem enlouquecido todo mundo.
14357.8	Tuu… Como? É um nome da estepe?
14357.9	Sim. Tuutey significa «rolinha» na língua deles. O povo da estepe a trouxe, tentou explicar alguma coisa, mas eu não entendi — só sei o básico da língua…\nO que entendi é que a Tuutey não para de dançar, não consegue parar.
14357.10	O «infeliz» Corvinho? O que o torna mais infeliz que os outros neste hospital?
14357.11	A esposa dele morreu da peste arenosa. Ele também foi infectado, mas ainda está vivo — por enquanto. Ele sofre muito pela esposa — dói de ver.
14357.12	Como exatamente a Emilia tem atormentado nossa equipe?
14357.13	Bem, «atormentado»… Metade dos enfermeiros se esconde pelos cantos por causa da arrogância dela, a outra metade só canta serenatas.\nCaso complicado. Não sei quanto à medicina, mas quanto ao resto — complicado.
14357.14	Agradeço as informações. Vou ver com meus próprios olhos.
14357.15	A Inquisição existe para isso mesmo — para conduzir inspeções.
61440.0	Faz só cinco dias que nosso hospital funciona, e já me parece uma eternidade. Como se eu tivesse nascido aqui, vivido a vida inteira aqui — e provavelmente vou morrer aqui também…
61440.1	Num trabalho assim, um dia vale por dois. Se não por dez.
61440.2	Não estou reclamando. Só me espanto como toda a minha vida anterior encolheu para os cinco dias neste hospital…\nVamos aos pacientes?
61440.3	Vamos. Mas você também, Pontinho, não se cobre tanto. Pelo menos arrume tempo para dormir.
61440.4	Quatro pessoas esperam por você: a Tawpie — essa não vai ser fácil… E o Chernyak, que vai pegar um forcado na barriga se sair do hospital.\nA Astrild, que está especialmente acabada. E o Petrel — esse não está bom da cabeça.
61440.5	Você diz que a cidade está contra o Chernyak? O que ele fez de tão horrível?
61440.6	O Chernyak é homem de negócios: tem vários armazéns, uma loja, e também negocia direto com os clientes. Está nisso há muito tempo, todo mundo o conhece.\nE agora o pessoal diz que as mercadorias dele estão contaminadas e que ele não mede esforços por dinheiro. Ele nega tudo, é claro.
61440.7	Fale sobre a Astrild.
61440.8	Ela veio por conta própria — quer baixar a febre, diz que não precisa de mais nada. Mas parece que passou o dia inteiro arando um campo sozinha.\nEu aplico o teste da peste em todo mundo que eu consigo alcançar. E então — o teste deu positivo.
61440.9	O que há com o Petrel? Você suspeita de insanidade?
61440.10	Os enfermeiros o encontraram perto da Catedral, rastejando pelos degraus. Pensaram que talvez ele tivesse tido um encontro com o Inquisidor e, bem… você sabe como é. Perguntaram se ele estava mal, e ele só balbuciava.\nTrouxeram ele para cá e descobriram que ele tem a peste. A memória dele está meio confusa. Ao menos lembrou que se chama Petrel, já é alguma coisa.
61440.11	Por que não vai ser fácil com a Tawpie?
61440.12	A mãe dela trouxe. Fala sem parar, essa mulher. Não sei como fazê-la calar a boca.
61440.13	Pois então, está na hora de trabalhar.
61440.14	Você devia ter começado pelos pacientes, e não com elucubrações que ainda por cima parecem reclamações.
61440.15	Você está só cansado. Não é de espantar: trabalha à noite, acompanha as prescrições, a produção da vacina… Mas infelizmente ainda não posso te dar um dia de folga.
61440.16	Ei, eu não autorizei você a morrer. Não vai escapar assim tão fácil.
61440.17	Estou interessado nas queixas dos pacientes, não nas suas.
61440.18	O que foi, doutor? Você está olhando em volta com uma cara meio preocupada…
61440.19	Pontinho, cadê mais um paciente nosso? Como era o nome… Petrel? O rapaz que os enfermeiros encontraram desacordado perto da Catedral. Ele saiu para algum lugar?
61440.20	Hm… Posso estar muito atarefado, mas não me lembro de um paciente assim. Hoje temos três: o Chernyak, o negociante; a Astrild, com febre; e a pobre Tawpie, com uma mãe muito insistente. Só isso!\nVocê não teria sonhado com esse Petrel, por acaso? Sabe, quando eu cochilo aqui entre os prontuários na sala dos fundos, também me aparecem prontuários novos…
61440.21	Tem certeza? Verifique de novo, pergunte aos enfermeiros… Quem estava de plantão hoje na Praça da Ponte?
61440.22	Eu vou verificar, mas te garanto: ninguém foi trazido de lá.\nQual é, doutor. Não se aflija assim. Eu também às vezes embaralho as coisas aqui na cabeça. Principalmente quando é sobre você: quantas vezes você entrou hoje, para quem receitou o tratamento e para quem não…
61440.23	Você se confunde sobre quantas vezes eu entrei no hospital… Exato! Esse paciente, o Petrel — ele tinha medo de «sumir» do dia de hoje. Dizia que era arremessado pelo tempo, como um graveto numa tempestade.
61440.24	O senhor não precisa de um descanso? Quer que eu prepare um chá? Temos um frasco limpo para essa ocasião. É que o senhor está com uma cara… E murmurando coisas estranhas. Deve ser cansaço.
61440.25	Faz tempo que não bebo chá em vidraria de laboratório. Não se preocupe, Pontinho, estou bem. Só me confundi — e agora me desconfundi.
61440.26	Se eu… <i>sonhei</i> com quatro pacientes em vez de três hoje, será que o paciente sonhado tem relevância para a vacina do dia? Acho que não.
61440.27	Pobre Petrel. Devia ter cuidado dele imediatamente — antes que ele desaparecesse.
61440.28	Eu nunca tinha pensado na minha sorte antes. Ao menos eu controlo em que dia vou acordar…
61440.29	Ele foi encontrado perto da Catedral — e ele dizia que a Catedral pregava peças cruéis nele. Será que só eu me lembro dele?
61440.30	Isso é muito estranho. Muito.
61440.31	Qual é, doutor. Não se aflija assim. Eu também às vezes embaralho as coisas aqui na cabeça. Principalmente quando é sobre você: quantas vezes você entrou hoje, para quem receitou o tratamento e para quem não…
58647.0	Dizem que o exército chegou para impor a ordem, mas até agora só aumentou a bagunça. Hoje temos três pacientes e meio esperando para falar com o senhor. Essa é a aritmética.
58647.1	Como assim, <i>três e meio</i>?
58647.2	Um deles — se chama Poshinok — não é bem paciente, veio por causa de uns documentos. Não conseguimos resolver o pedido dele sem o senhor.\nE pelo procedimento normal temos hoje Aristarkh, um estudante; Sakh Män, a Noiva das Ervas; e Dodo, um sargento do exército que chegou.
58647.3	O exército, então… Mal chegaram e já estão doentes. O que o sargento tem?
58647.4	Postura militar crônica… Ai, doutor, perdoe minhas piadas tolas!\nO sargento Dodo foi mandado para cá pelo comando dele — suspeitaram de peste. Até que são espertos. O sargento já cumpriu as horas exigidas, provou que tem resistência. Ou seja, serve para a vacina.
58647.5	E o que o Poshinok precisa? Que documentos são esses?
58647.6	Para ser sincero, eu mesmo não entendi direito. Mas o homem está muito nervoso. Pede para falar com o senhor pessoalmente.
58647.7	Uma Noiva das Ervas? Dessa vez vou ter que atravessar a fala da estepe de novo… Isso complica tanto o diagnóstico!
58647.8	A noiva foi encontrada quando abriram uma casa lacrada. O interior estava cheio de cadáveres — todos morreram da peste arenosa, menos ela. Como será que foi parar numa casa na cidade?
58647.9	Quem mais você disse que tinha? Um estudante? Pensei que não houvesse universidades aqui.
58647.10	Foi assim que ele se apresentou, <i>estudante</i>. E eu, como bom funcionário, anotei.\nOs enfermeiros o encontraram num distrito infectado. Morto de bêbado — literalmente. Imagine: acharam que era um cadáver e já iam jogar na fogueira, quando Aristarkh acordou. Igualzinho àqueles filmes de terror modernos.
58647.11	Obrigado, entendi. Vou atender — três pacientes e meio…
32155.0	Olha o grão-cã. Todo <i>importante</i> e valente.
32155.1	Cara esticada que nem abajur. Será que estoura ou não estoura?
32155.2	Dá pra ver, o crânio está <i>aperta</i>ndo ele. É daí que vem a pressão. Por isso aperta, aperta, aperta, aperta…
32155.3	To dizendo: cresceu um aperto a mais, <i>um palmo inteiro</i>. Vamos perguntar pro doutor se isso tem conserto. Com uma intervenção rápida?
32155.4	Não é de mim que vocês estão falando, por acaso?
32155.5	Ó, mas o que é isso? Levou pro pessoal? Quem tem rabo de palha é que tem medo de fogo?
32155.6	Não, não, a gente tava falando de outro doutor. Um mais inteligente.
32155.7	Vocês estão sendo rudes.
32155.8	Não me lembro de nenhum decreto mandando te <i>respeitar</i>.
32155.9	Olha só ele franzindo a testa! Acha que é só gritar uma vez que a gente fica em posição de sentido e dá <i>sim, senhor</i>. O que você quer, seu engraçadinho?
32155.10	Queria saber de um amigo de vocês. O nome dele é Bobok.
32155.11	O vagabundo Bobok é amigo de vocês?
32155.12	«Amigo» é forçar a barra.
32155.13	Ele é útil, mas é inútil. Um idiota que não sabe dizer não.
32155.14	Vocês já bateram nele? No Bobok.
32155.15	Como não bater num desses? Você bate, e ele ainda agradece <i>duas vezes</i>.
32155.16	Os hematomas novos nele são obra de vocês?
32155.17	Ei, você sabe qual é a resposta normal pra essa pergunta? Ele caiu da escada!
32155.18	Larguem disso. Não pretendo acusar nem processar ninguém. Só preciso descobrir, por causa do trabalho, de onde vieram os hematomas do Bobok.
32155.19	Você não entende nada da nossa vida, doutor. Nem da <i>sua própria</i> entende, mas anda por aí se achando. Fica de olho aberto, quem sabe você vê alguma coisa!
32155.20	Fecha essa boca desocupada…\nE você, doutor, <i>presta atenção</i> no que eu vou falar. A gente já deu uns sopapos no Bobok, é verdade. Mas agora a gente não ia querer se sujar — ele ficou sarnento. Nenhum de nós é bonito, mas a gente sabe a diferença entre sujeira e sarna. Encostar num sarnento dá mais prejuízo pra gente do que pra ele!
32155.21	O que vocês querem dizer com «sarna»? Algum problema de pele?
32155.22	«Algum»! Você viu a cara dele? Já tem até feridas na <i>boca</i>! Dá até pena de tirar a comida da mão dele, se ele já mordeu.
32155.23	Não pensa que a gente é burro. Não fizemos faculdade, nossa faculdade é a rua. Não sabemos os nomes das doenças naqueles idiomas difíceis, mas sabemos evitar.
32155.24	Bem. Então, será que vocês poderiam…
32155.25	Não poderíamos!
32155.26	Pelo amor de Deus, tenha vergonha. Ele quer é <i>conversar</i>! Você não tem o que fazer, então só pensa em bater papo. A gente precisa pensar no próprio sustento.
32155.27	Tudo bem. Vocês já me ajudaram o bastante.
32155.28	<i>Nunc est bibendum?</i> Está bem, não vou atrapalhar.
32155.29	Vocês parecem quase orgulhosos da própria brutalidade.
32155.30	Não é disso que a gente se orgulha. Orgulho nem entra na conta. Olha, se a escolha é <i>bater ou apanhar</i>, é melhor ser quem bate!
32155.31	Que absurdo é esse? Quem bateria em vocês — o Bobok? Ele não faria mal a uma mosca.
32155.32	Me digam uma coisa: o Bobok bebe? Vocês o chamariam de alcoólatra?
32155.33	Ah, qual é! Me mostra um na rua que <i>não</i> bebe! Nunca pôs o nariz pra fora do seu consultório limpinho, foi?
32155.34	A bebida nunca chega na boca do Bobok, com tanta boca no caminho! Você fala «divide», e ele divide. O cobertor fedorento, a garrafa, qualquer coisa.
32155.35	Idiota que é. Não tem nem coragem de virar um alcoólatra de verdade.
32155.36	Eu tenho a impressão de que <i>nenhum</i> de vocês aqui está se sentindo muito bem, mas mesmo assim vou perguntar: o Bobok andou doente ultimamente? Notaram algo incomum nele?
32155.37	Ele tá do mesmo jeito de sempre, na real. Fazendo os favores, esteja bem ou mal. Ele quer ajudar… mesmo quando mal aguenta em pé.
32155.38	Encontrei medicamentos aqui com vocês… Remédios. De quem são?
32155.39	Ha ha! <i>«De quem»!</i> Não aguento… Isso é tão engraçado…
32155.40	Isso aqui é um <i>lixão</i>. Continua cavando, que você vai achar coisa muito pior.
77075.0	
77075.1	Os companheiros de infortúnio do meu paciente
