24898.75	Embora pelas obras dele pareça que não
24898.76	Um dedo cortado, sério?
24898.77	Não esperava por isso.
55327.0	Até quando isso vai continuar? Ao que parece, você é tão medíocre quanto aqueles que tenta salvar.
55327.1	Talvez. Para testar essa teoria, vai ter que responder algumas perguntas minhas.
55327.2	Os boatos diziam que você era um gênio. No fim, como sempre.
55327.3	Você parece letárgico. Dadas as circunstâncias da sua chegada ao hospital, não é surpresa. Mas mesmo assim, me diga: notou uma queda de energia nos últimos dias?
55327.4	Essa cidade inteira é um declínio. Em mim, em todos. Faíscas de inspiração são tão raras! E se apagam de um jeito tão criminosamente rápido...
55327.5	Dá pra ter menos poesia, por favor? Sentiu exaustão ou não?
55327.6	E <i>você</i>, como se sente aqui? Este lugar suga as forças de qualquer um.
55327.7	Está dizendo que já se acostumou a se sentir exausto?
55327.8	Fico pensando na sua náusea. Você diz que é ressaca... Mas o que costuma comer?
55327.9	Vivo esquecendo quando a inspiração bate. E a comida nessa cidadezinha é veneno puro. Carne, miúdos, bolinhas de queijo seco, mais carne, torta — e até essa com gordura animal. Eca.\nO único lugar decente é o bar dos Stamatin, que usam receitas da Capital. Eu costumava ir lá com frequência...
55327.10	Costumava? E agora não vai mais?
55327.11	Você é só um fofoqueiro, não é? O que a minha farra nos bares tem a ver com medicina?
55327.12	Tudo. Estou identificando seus contatos recentes — e, portanto, possíveis pessoas com o mesmo diagnóstico que o seu.
55327.13	Tudo isso é uma agitação vazia e tediosa. Como construir casas para viver, em vez de obras-primas do pensamento, como o Poliedro. Você não acha isso tudo muito mesquinho?
55327.14	Por exemplo, se sua náusea for resultado de envenenamento no bar, preciso inspecionar esse bar.
55327.15	Por que você está tão magro?
55327.16	É uma magreza aristocrática. Nunca notou que todos os que criam beleza têm uma ossatura delicada? Os artistas fazem parte do ecossistema da beleza.
55327.17	Sua magreza não é saudável, Aristarkh.
55327.18	Inveja? Você também não faria feio perdendo uns quilos — seus pulsos parecem de trabalhador braçal. Um cientista cheio de ideias ousadas poderia ter uma aparência mais refinada.
55327.19	Ser esbelto e ter distrofia são coisas diferentes. Estou tentando descobrir com qual das duas estou lidando.
55327.20	Você está cheio de hematomas. Não era bem o que eu esperava de um homem das artes.
55327.21	Ah, isso... Bom... Considere uma alergia. A idiotas. É assim que se manifesta.
55327.22	E como você consegue se olhar no espelho, se é alérgico a idiotas?
55327.23	Inacreditavelmente espirituoso.
55327.24	Nada pior que a sua resposta. O que você está escondendo? De onde vieram os hematomas? Isso é importante.
55327.25	Agradeça que eu deixei você ver esses hematomas. Só um lembrete: não estou nem aí para a sua vacina nem para os seus infectados de caras idênticas e deprimidas. Tudo é pó — então que vire pó. Fui claro?
55327.26	Aristarkh, você se envolveu numa briga? Responda direito — senão eu posso errar o diagnóstico.
55327.27	Desculpe, coloquei coisas demais no seu prontuário. Há sintomas demais — algo precisa ser riscado.
55327.28	Infelizmente, nossa conversa não esclareceu o diagnóstico. Você está me forçando a investigar seu caso mais a fundo. Onde você mora? Você deu entrada no hospital anonimamente, junto com os corpos. Temos seu nome no registro, mas nenhum endereço.
55327.29	Isso está passando de todos os limites. Você quer invadir a minha casa? Vá pro inferno! Não lembro o endereço, esqueci — esse sintoma serve para a sua lista?
55327.30	Acho que vou acrescentar «estupidez socialmente perigosa» à lista.
55327.31	Eu <i>sabia</i> que você estava escondendo algo, Aristarkh. Suas respostas eram vagas demais.
55327.32	Então não vai me dar o endereço? Tudo bem, eu vou descobrir. Você elogiou o bar dos Stamatin, não foi...?
55327.33	Acabei encontrando sua casa, Aristarkh.
55327.34	Parabéns. Ao menos viu arte de verdade, pela primeira vez na vida.
55327.35	Seu vizinho, o carpinteiro, chegou ao hospital? Não desmaiou no caminho? Com aquela perda de sangue toda.
55327.36	Chegou. Os enfermeiros costuraram, deram uns comprimidos e mandaram de volta pra casa. Junto com todos os outros bonzinhos. Ainda bem. Eu não aguentaria a companhia dos vizinhos hoje — já fugi deles sem olhar pra trás.
55327.37	Você tem tanta vontade de ir pro necrotério, bebe até apagar num banco num distrito infectado — tudo por causa da morte de uma mulher chamada Hera? Por que não me contou logo?
55327.38	Pra quê? Pra ouvir de você também, um almofadinha da Capital, insultos à minha amada? Já bastaram as opiniões dos meus supostos amigos! Se dizem criadores — e são tão cegos.\nEla era a faísca de vida nessa cidadezinha miserável. E essa faísca se apagou.
55327.39	Acredite ou não, você tem a minha solidariedade.
55327.40	É mesmo? Não dava para imaginar que alguém como você tivesse movimento na alma. Você é como um instrumento — calculista, preciso demais. Tudo com propósito racional, sem ímpeto. Mas ela — ela era puro impulso. Uma explosão. Estilhaços de vidro voando...
55327.41	Uns brutamontes estão procurando você. É por causa da Hera? Foram eles que te deixaram cheio de hematomas?
55327.42	Foram eles, claro. Eu mesmo não sei como escapei — eram dois e mais fortes. E o principal: eu nem queria escapar. Era melhor que tivessem me matado, sinceramente.
55327.43	A Valentina está preocupada com você. Quer ajudar no hospital já que você está aqui.
55327.44	Pra me sufocar com cuidado misturado com censura? Muito obrigado, dispenso. Ela nunca gostou da Hera — e virou todo mundo que pôde contra ela.
55327.45	Suspeito que você foi infectado pela Hera. Quero esclarecer uma coisa — sobre os sintomas dela. A coceira, a pele amarelada...
55327.46	E tem mais uma coisa... Ah, já basta de atormentar você. Vou deixá-lo em paz, Aristarkh.
55327.47	Não tenho opiniões sobre a vida privada dos meus pacientes. O que me interessa são as vias de infecção.
55327.48	Que infecção? Ela está morta. Morta — entendeu?
55327.49	Largue essa pose. Você só gosta da imagem: o artista de alma elevada e a mulher caída. Na minha opinião, é o ó do borogodó.
55327.50	Insultos, como eu imaginava. Vá pro inferno, doutor. Como você tem coragem de falar assim, ainda mais de uma morta? Não vou dizer mais nenhuma palavra.
55327.51	Nem precisa. Já tenho dados suficientes.
55327.52	Ubi amor, ibi dolor.
55327.53	Então vamos ver a cara de um homo specialis, vamos? Tire a roupa atrás do biombo para o exame.
55327.54	Vou colher algumas amostras, para não cansar nós dois com conversa.
55327.55	Vou poupá-lo da minha mediocridade. Por enquanto. Espere aqui, Aristarkh.
14007.0	Pensei que era o Aristarkh aí dentro... Quem é você?
14007.1	Sou o médico do Aristarkh. E você?
14007.2	Sou a Valentina, amiga dele... O que houve com o Aristarkh? Ele está doente? Foi atacado? Ele fez alguma coisa consigo mesmo? Meu Deus, eu sabia, eu sabia...
14007.3	Lamentação nãoresolve nada. Me diga, vocês são próximos?
14007.4	Mais próximos, impossível. Mas por que quer saber?
14007.5	Aristarkh está gravemente doente. Preciso saber como ele vivia, com quem falava, o que fazia — até o mínimo detalhe. É a única chance de salvá-lo. E já que ele não pretende se ajudar, estou pedindo que você ajude.
14007.6	Salvar o Aristarkh? Claro que ajudo! Você sabe, ele é uma alma especial, pode-se dizer um gênio. Pessoas assim são únicas. Ele desenha, escreve...
14007.7	O que mais ele faz?
14007.8	...ele canta, conta contos de fada, desenha poliedros e imita o canto dos pássaros.
14007.9	Sim, sim, uma alma refinada. Mas imitar o canto dos pássaros dificilmente é perigoso. E você disse que estava preocupada com o Aristarkh antes mesmo da minha chegada. Havia motivos?
14007.10	Desculpe... Eu me empolguei por um instante. É tão difícil ficar em silêncio sobre o talento do Aristarkh.
14007.11	E por que você fica em silêncio sobre o sangue espalhado pela casa toda? Já conversamos um bocado, e você não disse uma palavra sobre o ocorrido.
14007.12	O quê? Ah, isso...
14007.13	Aliás, também me pareceu que não houve crime passional nenhum aqui. Um acidente doméstico, talvez? Alguém precisa de atendimento médico?
14007.14	Agradeço a oferta, mas vocês se desencontraram por alguns minutos. Nosso pobre carpinteiro já foi embora, e os outros com ele. Estão acompanhando-o ao hospital.\nEle cortou o próprio dedo, imagina? Ele é um bom profissional, não pense mal! Mas até a mão de um mestre pode escorregar.
14007.15	O dedo cortado é algum tipo de gesto artístico? Peço desculpas pelo pensamento terra a terra, mas alguém precisa de atendimento médico?
14007.16	Um gesto? Não, mas é tão bom quando pensam assim de nós, artistas. Vocês se desencontraram: nosso pobre carpinteiro já foi, e os outros com ele — estão acompanhando-o ao hospital.\nImagine só — cortou o próprio dedo. Ele é habilidoso, não pense mal! Mas até a mão de um mestre pode escorregar.
14007.17	Mas por que o dedo está no quarto do Aristarkh?
14007.18	O carpinteiro, coitado, correu a casa inteira atrás de ataduras. Sempre digo: criadores são como crianças! Sem mim, não achariam nada. Enfaixei como pude e mandei eles irem ao médico. E o médico veio até nós.
14007.19	Então o macabro sangrento não tem relação direta com o Aristarkh… Desejos de pronto restabelecimento ao carpinteiro. Podemos voltar à saúde do Aristarkh?
14007.20	Claro, claro! E o senhor é um médico tão atencioso e dedicado: veio até nós, investiga tudo, procura quem precisa de um ponto na ferida. Tenho certeza de que o Aristarkh está em boas mãos.
14007.21	Confesso: à primeira vista, parece cena de crime.
14007.22	Alguém aqui foi atacado por bandidos? Aqueles que procuram o Aristarkh?
14007.23	Bandidos? Então estão <i>mesmo</i> à procura dele? Eu sabia… Quanto ao sangue, nosso pobre carpinteiro já foi, e os outros com ele — estão acompanhando-o ao hospital.\nImagine só — cortou o próprio dedo. Ele é habilidoso, não pense mal! Mas até a mão de um mestre pode escorregar.
14007.24	Espera… A senhora <i>esperava</i> que bandidos viessem atrás do Aristarkh?
14007.25	Sim… Ele se envolveu com más companhias. Tudo começou com a briga com o Stamatin. Quando o Andrey, num capricho de tirano, proibiu o Aristarkh de frequentar o Coração Partido, ele passou a ir a bares bem mais duvidosos. É de lá que vêm todas as nossas desgraças!
14007.26	Tenha cuidado, Valentina. Mesmo que esse sangue não esteja na consciência dos bandidos, os conhecidos do Aristarkh claramente interessam a eles.
14007.27	O Aristarkh está todo roxo, mas não conta onde se machucou. Deve ter sido eles, não?
14007.28	Que horror! Essa escória da cidade… Mas ele está inteiro?
14007.29	Está vivo, mas doente. No hospital os bandidos não o alcançam — diferente da doença. A senhora me ajuda a esclarecer os sintomas dele?
14007.30	Claro, claro! Como eu poderia abandonar o Aristarkh num momento difícil?
14007.31	Diga-me… Foi o Aristarkh quem machucou alguém? Todo esse sangue, o dedo infeliz…
14007.32	O quê? Como o senhor ousa! O Aristarkh, capaz de violência e crueldade? Impensável. O que se passa nessa cabeça?
14007.33	Desculpe… Mas o que aconteceu, então?
14007.34	O que aconteceu! A mão do nosso carpinteiro escorregou. Ele é habilidoso, mas até com um mestre isso pode acontecer. Correu, coitado, a casa inteira atrás de ataduras. Sempre digo: criadores são como crianças. Sem mim, não achariam nada. Agora estão levando-o ao hospital, o senhor os perdeu por pouco.
14007.35	Não quis ofendê-la com minhas suspeitas. Mas imagine como isso parece aos meus olhos: um paciente que esconde algo, e no quarto dele, esse quadro sangrento.
14007.36	E daí? Por que o senhor concluiu logo que foi o Aristarkh quem cortou o dedo de alguém? E não que estavam cortando o dele, por exemplo?
14007.37	Porque os dedos dele estão no lugar. Sou o médico dele, contar dedos não é difícil para mim.
14007.38	E o senhor calunia uma alma inocente por causa de uma bobagenzinha dessas? Não sei como posso conversar com o senhor depois disso.
14007.39	Valentina, pode me repreender à vontade, mas isso não muda o fato de que o Aristarkh está doente. Ajude-me a entender os sintomas dele, por favor.
14007.40	Primeiro calunia o Aristarkh, depois lembra que queria investigar algo! Não tenho palavras… Mas preciso ajudar. A ele, não ao senhor.
14007.41	Diga-me, ele andava sem forças nos últimos dias? Mais do que o normal.
14007.42	Sem forças. Mal saía da cama. Só para os projetos. Eu trazia tudo para ele, anotava os cálculos de construção.
14007.43	E por que, afinal, as ataduras e remédios para o carpinteiro estavam justamente no quarto do Aristarkh? Coincidência, ou ele também precisava deles?
14007.44	Ah… Precisava, mas não ele. É constrangedor falar disso, mas… Afinal, o senhor é médico.\nO Aristarkh se envolveu com uma mulher que dá medo até de trazer para casa. Bebia e fazia coisas piores, vivia apanhando. Então, as ataduras. Ele guardava para ela, para a Hera.
14007.45	A senhora diz que a Hera vivia apanhando? E agora o Aristarkh também apanhou. E há capangas à procura dele.
14007.46	Tudo se encaixa. Ela era de um meio tão baixo que tínhamos medo de que os amigos dela viessem um dia destruir a casa.
14007.47	O lenço na cama do Aristarkh é da amada dele? Achei que fosse da senhora.
14007.48	Que palavra o senhor escolheu! «Amada»… Amadas como essa Hera, há dez por dúzia nos bares!\nDesculpe, escapeu. Não consigo entender como o Aristarkh sequer olhou para ela: pele e osso, e ainda por cima o rosto amarelado como ocre…
14007.49	O amor é cego.
14007.50	Ele a via como um ideal. Um ideal! Mesmo ela — que minha língua seque por fofocar — vivia se coçando e cheirava mal. Eu temia que ela trouxesse alguma peste para dentro de casa…
14007.51	Bem, uma hipótese se desenha. Mas seria bom examinar a própria Hera primeiro… Valentina, a senhora sabe como encontrá-la?
14007.52	Não vai encontrá-la… O senhor já entendeu quem era essa Hera, não? Por que rodeios: uma mulher da vida!\nPrimeiro ela sumiu, e o Aristarkh ficou fora de si, procurando por ela. Depois, os moleques da rua contaram que a Hera tinha morrido. Sei lá se da peste ou da vida que levava.
14007.53	Ou da doença que ela passou para o Aristarkh… Ele pode estar num estágio inicial, por isso muitos sintomas ainda não apareceram. Por enquanto.
14007.54	É feio falar isso, mas não aguento: essa Hera só trouxe desgraça! Viva, tirava o Aristarkh do caminho certo; morta, deixou-o ainda mais deprimido. E ele era uma luz, talvez até um gênio, uma alma tão sensível…
14007.55	Existe a possibilidade de a Hera tê-lo salvo. De a doença dela ter adiado a morte do Aristarkh pela peste.
14007.56	Que ele se recupere. Da doença e da tristeza…
14007.57	Sim, andar com a escória da sociedade pode ser perigoso. Em muitos sentidos ao mesmo tempo.
14007.58	Que pena. Sem examinar a Hera, não conseguirei confirmar a hipótese com certeza.
14007.59	Rosto como ocre, disse? E magreza doentia. Muito interessante. E o Aristarkh pode ter contraído algo justamente da <i>Hera</i>…
14007.60	Pergunta boba, mas… Na prateleira há uma foto em que uma cabeça de odongh foi colada no corpo de uma mulher. É alguma brincadeira interna?
14007.61	Travessuras de criança dos vizinhos. Artistas são todos uns pestinhas! Quando o Aristarkh adoeceu, a visão dele piorou. Confundia as pessoas, deixava a colher cair fora da mesa. Então eles armaram essa peça.
14007.62	O senhor está sorrindo. Acha engraçado? Eu estava convencida de que o senhor sentia pena do Aristarkh.
14007.63	Sinto. Mas os brincalhões estão certos.
14007.64	Em quê?
14007.65	Uma cabeça de odongh na foto dedicada «Com amor, H.» — é certeiro. O Aristarkh parecia não enxergar a quem se dedicava. E depois passou a ficar cego de verdade.
14007.66	Qual era o sentido da peça?
14007.67	Valentina, a senhora me ajudou a entender muita coisa. Obrigado. Não prometo nada, mas farei tudo o que estiver ao meu alcance. Pelo Aristarkh. E quanto ao carpinteiro, espero que já tenham ajudado.
14007.68	Senhor Dankovsky, salve o Aristarkh! Talentos assim não podem ser entregues à morte. Agora estou pensando em pedir para trabalhar no hospital, para cuidar do Aristarkh… Mas como deixo nossa casa? Com quem?
14007.69	Ninguém deve ser entregue à morte.
14007.70	No hospital, toda ajuda é bem-vinda. Então pense bem, Valentina. Ficarei feliz.
14007.71	Porque os bandidos me contaram sobre um desaparecido que foi visto pela última vez na companhia do Aristarkh.
14007.72	E o senhor calunia uma alma inocente com base no que uns marginais disseram? Não sei como posso conversar com o senhor depois disso.
14007.73	Porque tenho uma imaginação desenfreada, e eu mesmo sofro com os truques dela. Peço desculpas mais uma vez.
14007.74	E o senhor calunia uma alma inocente sem nenhuma base? Não sei como posso conversar com o senhor depois disso.
14007.75	Então por que há um dedo cortado no quarto dele? Que macabrice é essa?
14007.76	Valentina, tenha piedade. Vamos direto ao assunto.
14007.77	Se quiser declamar poesia, pode mandar por escrito para mim na Stillwater. Agora estou preocupado com questões mais terrenas.
14007.78	Tenho interesse nesta casa, nos seus moradores. A senhora poderia me contar algo?
14007.79	Claro. Somos uma comuna, um oásis criativo. Aqui vivem pessoas talentosas, sensíveis, mas, infelizmente, não reconhecidas. Espero que um dia a fama delas ecoe pelo mundo todo.
14007.80	Sim, a bagunça criativa eu notei.
14007.81	Eles precisam de uma mãe, ou ao menos de uma irmã mais velha. Quem vai cuidar deles, tomar conta? São como crianças — se perdem sozinhos. Por exemplo…
14007.82	Na verdade, só me interessa um exemplo: o do Aristarkh.
14007.83	Doutor, o senhor me assusta! Aconteceu algo com o Aristarkh, algo muito grave — senão o senhor não teria vindo. Eu sabia…
14007.84	Que sorte encontrar a senhora. Deve notar mais do que os artistas. Eles vivem nas nuvens.
14007.85	E a senhora, Valentina? Qual é o seu talento: escultura, música? Talvez seja poetisa?
14007.86	Imagina! Não, não, poetisa eu nunca seria. Sou apenas a Valentina.
14007.87	E mesmo assim está aqui, na comuna de artistas.
14007.88	Não se preocupe, isso faz mal à saúde. Já examinei tudo e fechei o diagnóstico; aguarde notícias do hospital. Causa finita est, vale.
14007.89	Vida inteira me perguntando isso. Sou Daniil Dankovsky, e o seu Aristarkh está em apuros.
62798.0	
