11013.0	Tenho pena de você, humano. Você é tão bom, mas resta tão pouco de você.
40598.0	Qualquer dedo que sangre faz a mão inteira doer.
15528.0	Acabaram as brigas, consertada a amizade, e se eu mentir, que a peste me acabe.
7193.0	«O gato malhado que escolhi\nnão tinha pelo nem nariz,\nandava em oito patas sutis\ne na cauda tinha um ferrão…»
31435.0	Áspero como palha, seguro ao toque. Liso como osso, deixe em paz.
69712.0	Vê? Não estou te segurando. Que cada um ache o seu caminho.
29194.0	Por que está me olhando assim? Eu não mordo.
51277.0	Todos esperam um trem com remédios e médicos! Tolos! Acham mesmo que um trem resolve isso. Como se ele fosse vir!
7772.0	Não fui eu, juro! Todos estão contra mim, mas eu sou inocente…
67383.0	Eu tive uma irmã. Lembro de uma menina pequena como eu, quando eu era pequena.
10776.0	Vou desmaiar… Preciso de água, por favor! Água!
29993.0	Eca. Que frio, não é? Tipo, frio-frio.
70987.0	Clara: Eu sei fazer milagres. Eu ponho as mãos numa pessoa, e nela… sabe, se tivesse um câncer, um tumor, ou algo no sangue… não entendo bem dos termos. Mas Deus gosta de mim.
52523.0	Quem é você?
10428.0	Hã?
58906.0	Que estranho você ainda estar vivo…
58409.0	Você mudou, não mudou? Ou estou vendo coisas?
20512.0	He he he he, não, não, não ligue para mim. É que você é engraçado, só isso.
7553.0	He he he he he
37237.0	Shhhh… pare de se mexer. Está tudo bem agora.
45938.0	Feche os olhos. Deixe-me beijá-los.
63636.0	Você acha que é de cabeça fria, mas só está esfriando.
41262.0	Mãos quentes, coração frio, é? O ditado diz o contrário.
67363.0	Pés leves e coração pesado, é? Devia ser o contrário.
71997.0	Deus nos vê de debaixo da terra. Por que você acha que ele está no Céu? Ele está lá embaixo.
36536.0	Você nunca viu um humano vivo na vida.
20532.0	Em mim há mais para amar… umas duas ou três de mim.
62403.0	A mão esquerda não sabe o que a direita faz. E a direita não conhece os segredos da esquerda.
30896.0	De mim há muita… de você, nem tanto.
37894.0	Eu me apaixonei pela primeira vez aos seis anos. Um menino bondoso, sardento. E sabe, hoje em dia eu… (pausa) ele se chamava Matvey.
17438.0	Ah… é… bem… tudo bem, então. A maioria das pessoas me ama.
18801.0	Bem, claro que é sobre a pele. A pele é uma conexão — é com ela que você toca o mundo, não é? A sua fronteira.
21377.0	Mas o toque é transformador. Você só pode mudar alguém pelo toque. A pessoa passa por uma metamorfose e nem percebe.
50827.0	Não, eu não engano as pessoas. Mas eu toco nas coisas, deixando partículas minúsculas de mim. E depois observo… observo como elas mudam.
16043.0	Não, não vai. Eu sei fazer milagres! Só me deixe! Me solte! Parem de jogar contra mim, vocês dois!
16814.0	Sim! É exatamente o meu ponto! Para vocês, são números. Mas o que vocês acham que são zeros e uns são pessoas de verdade! Uma vontade alheia já as tocou, elas foram reanimadas!
25416.0	Então nos separamos. Como sempre. Quantos dias temos? Onze?
26339.0	Tudo tem o mesmo valor; tudo está grávido de conexões. Até as coisas que não têm nada em comum. Tudo tem o potencial de se conectar; é assim que as coisas readquirem significado.
38841.0	Não. A humanidade é um tear. Ou a sua lançadeira, para ser preciso. Os humanos são até bem decentes. Saiba que eu gosto deles.
51706.0	Mas e a Cidade, hein? Afinal, ela é o próximo passo. As cidades ganham vida. E estão intimamente ligadas à terra.
24364.0	As cidades são construídas por pessoas. Então que as pessoas as construam como máquinas! Você diz que as cidades herdarão a terra, substituindo as pessoas, como as pessoas um dia substituíram os mamutes. Eu não acredito. Não façamos conclusões precipitadas. As crianças também herdam a terra. E os pequenos são mais espertos que os pais.
14957.0	
40433.0	Senhoras e senhores! Recebam… a epidemia! O Teatro está oficialmente dissolvido.
7612.0	
20506.0	
42241.0	A Cidade está condenada. Para que se preocupar com tudo isso?
57002.0	Isidor rasgou esta cidade em pedaços.
57230.0	Oh, como o filho dele tenta costurá-la de volta. Talvez ele consiga — e com pontos bonitos?
18735.0	Ali está ele, olha! Veio assistir — assistir VOCÊ espumar pela boca. Isso significa que ele se importa com algo além de si mesmo! Ele vai nos amarrar!
12302.0	
25479.0	O dia acabou. O fim se aproxima cada vez mais. No Teatro, ensaia-se uma nova pantomima.
68744.0	Preciso dormir…
41549.0	Pise macio. Não revolva a terra.
58039.0	Todo objeto tem batimentos. Não os ouve?
22789.0	Estou transbordando de alma. Tenho o suficiente para partilhar.
76255.0	Ontem à noite vi uma estrela violeta. Nunca tinha visto uma…
55330.0	Umas lentes aumentam as coisas. Outras as diminuem. E outras ainda as dividem em duas.
20475.0	Isto não é uma casa, é um observatório. Ninguém mais quis morar aqui, mas eu acho aconchegante.
50315.0	Às vezes sinto que poderia voar.
58204.0	Dizem que não é varíola nem cólera… então não pode ser tão ruim, pode?
61100.0	Logo chega um trem comum. Vai trazer médicos e remédios da Capital.
70067.0	Eu sabia que você viria.
54369.0	Vai chover? Vai nevar? Vai passar? Não sei.
73421.0	Nenhum amante é tão doce quanto o silêncio do sono.
60520.0	Você vai dar um jeito, não vai?
5799.0	Enquanto você estiver aqui, não haverá mortes, certo?
73788.0	Deus guarda a lua dos lobos.
61847.0	Esconde-esconde, pega-pega, amarelinha… ou podemos jogar roda-roda.
76319.0	Áspero como palha, seguro ao toque. Liso como osso, deixe em paz.
77843.0	Não estou chorando. Meus olhos só estão lacrimejando.
51417.0	Está tudo bem. Encontrei um jeito. Vai dar tudo certo, você vai ver.
73433.0	Sim?
11790.0	O quê?
50532.0	O miosótis é aquela florzinha amarela e pequenina… não é?
24871.0	Às vezes me pergunto o que há além das maravilhas.
51735.0	Casa de pinho, faca de latão, amigo em palavras: tudo é vidro, ilusão.
15320.0	Meu peito dói.
64599.0	Meu coração está martelando… você ouve?
18684.0	Você não acha que a minha cor desbotou?
48872.0	Não fui eu. Não me olhe assim.
18132.0	Sinto as rachaduras no meu verniz — vê?
67203.0	O Anjo da Morte vaga à minha porta.
53067.0	Que silêncio agora…
71539.0	Cem anos é tempo demais. Demais. Quarenta? Quarenta claramente não basta…
16303.0	Devia arranjar um cachorro. Sim, um cachorro.
7728.0	O meu ramo um dia se chamou «Cachinhos Dourados», mas depois quis oferecer a minha alma à Catedral, para que ela guardasse algo de verdadeiramente imortal.
14025.0	Depressa, Parente. Não gosto de você.
45559.0	Honrarei as linhas do rito. As palavras têm carne.
67895.0	Ela é a arauto da Lei. Agora chega o tempo em que as divindades começam a morrer…
62564.0	Teimosia não é o mesmo que força, Parente.
57766.0	O que um tendão sabe de um corpo? O que um homem sabe de uma cidade?
46527.0	O que acontece lá fora não nos diz respeito.
36492.0	Você não precisa ver o que vem depois.
22341.0	Concedo a você, Senhora dos Mansos. Reze por mim quando desceres de novo à Terra.
30869.0	Marcas de fogo, canções de água, luz de ar. E o abraço da Terra.
16920.0	Pela volta do parafuso saberemos o que é verdade.
22613.0	Sou grande como um touro. Preciso ser, para puxar o meu jugo.
75046.0	Cumpro o meu dever. Mantenho o meu mundo a salvo.
60428.0	A lida e o esforço moem os ossos em terra. Vão moer você também.
33567.0	Você tem ossos frágeis. Cuide-se.
50725.0	Sou humano. Sou hu-mano. Grande. Homem. Homem de muitas cores.
26673.0	Dobre uma árvore à vontade, ela crescerá na direção do sol.
27235.0	A corrente quebra no elo mais fraco.
40692.0	Todos nós já passamos por isso antes.
46176.0	Não ver o mal. Não ouvir o mal. Não conhecer o mal.
53016.0	Sim?
35659.0	O quê?
27751.0	Você pode enterrar a verdade, mas só na sua própria cova.
53489.0	De que é feito este corpo?
64793.0	Perdi o controle das minhas mãos.
59394.0	Palavras não são nem inestimáveis nem inúteis — atente ao seu propósito.
67899.0	Eu não tenho coração.
61313.0	Ela me deu estas pernas, para compensar as estropiadas.
65714.0	Não foi o último udurgh?
75819.0	Chamam-na de Terra.
67835.0	Não há um verdadeiro Guardião entre vocês.
42960.0	A mãe Boddho aquece os seus; alimenta-os do seio das suas veias.
20053.0	Sou um servo. Quebrado pela vontade de outro…
23246.0	
42002.0	Esta cidade tem nervuras de reforço demais…
42867.0	Na verdade, sou cego. Há muito deixei de ver as coisas.
46206.0	É uma vergonha ser analfabeto. É preciso aprender a ler os sinais do destino.
17586.0	Um punhado de almas podia imaginar o Foco. Menos ainda podiam construí-lo. Mas ninguém é capaz de compreendê-lo de verdade.
60189.0	Um cordão umbilical liga a terra e o cosmo. É uma escada, uma mola, a corda de um arco. É você.
54472.0	Uma vida vivida com propósito nunca termina na morte. A morte só vem aos que vivem sem propósito.
7200.0	Dormir sem memória é um crime. Precisamos proteger os que dormem, os sonhadores. A peste ameaça sobretudo a eles.
18266.0	A alma é como uma mola… ou a corda de um arco. Quanto mais você a estica, mais longe alcança o pensamento quando a solta.
9857.0	A imortalidade não é o que as pessoas imaginam. É diferente… não se pode alcançá-la sem morrer.
12719.0	Os elos entre as almas… é assim que se cresce. Tece a tua teia, aranha.
40210.0	Tudo está conectado. Tecido junto, forma um padrão no grande desígnio. Um tecelão humano que cria novas conexões não pode ser apagado pela morte.
29376.0	Um toque é um olhar atento, ou uma palavra afiada. Também se pode tocar com as mãos — mas essa é uma habilidade difícil de aprender.
16100.0	
39911.0	
16476.0	
64531.0	O Saburov não é mais governador. Mas eu também não sou mais juiz. Em que nos tornamos?
70051.0	Vão nos transformar numa aldeia comum — numa cidade de meros homens.
74909.0	O Grupo Onírico aceitou o desafio. O Poliedro viverá.
72825.0	Diga-me o que você quer e eu direi quem você é.
31069.0	Meu coração dói.
9622.0	Estou tão, tão cansado.
71175.0	Sou velho demais. Nada pode mais me ferir.
52248.0	Mal sinto qualquer coisa, hoje em dia.
50054.0	Semeie um ato e colherá um hábito; semeie um hábito e colherá um caráter; semeie um caráter e colherá um destino.
67080.0	O meu ramo se chamava «Necrologia». Poucos sobrevivem à prova da morte… fiz tudo o que pude para que um punhado passasse no teste.
23268.0	As almas se reúnem por afinidade.
76851.0	Poeta, construtor, amante, soldado: capim e homens colhem a luz que conhecem — até a vida cessar.
17165.0	Um bom anfitrião agradece aos hóspedes — não o contrário.
45810.0	Não fui eu. Não me olhe assim.
30996.0	Vão nos matar a todos. Não pouparão ninguém.
55003.0	Estamos fixos no lugar. Você é o laço que nos amarra.
26567.0	Você é bom. Minha andorinha, minha andorinha. Apesar de tudo, você é bom.
11382.0	Às vezes imagino que tudo é imaginação.
50845.0	Tudo isso já aconteceu antes, não aconteceu?
61015.0	Se for áspero como palha, é seguro tocar; se for liso como osso, deixe em paz.
76188.0	Quer que eu cante uma canção de ninar para você?
19612.0	O miosótis é aquela florzinha amarela e pequenina… não é?
19563.0	
75642.0	Dizem que é saudável… mas o gosto é insuportável.
24248.0	Também vão me chamar para o interrogatório?
36389.0	Posso segurar a sua mão?
32738.0	Você é mesmo obrigado a andar no chão com os pés?
35723.0	Parece que quase não projeto mais sombra.
38716.0	Os mortos não conhecem a ganância.
20268.0	Não há nada de errado — na verdade, não há nada de errado em nada. Absolutamente nada.
26919.0	
32093.0	Sim?
32769.0	O quê?
63688.0	O sono é um luxo. Posso passar sem ele.
42259.0	Está frio aqui. Frio de cova.
6477.0	Estou encharcada até os ossos.
54818.0	Parece que quase não projeto mais sombra.
62706.0	Esqueceram de mim, e agora estou apodrecendo aqui…
21068.0	O que está acontecendo?
21722.0	Por que não trazem ninguém para cá? Que silêncio…
68704.0	Será que não confiam em mim? Como se eu não soubesse o que faço…
53269.0	Os coveiros se espalharam. Ou será que…?
42174.0	O meu ramo se chamava «O Fardo dos Vivos». Eu… eu só queria cuidar dos que nos deixam.
76410.0	Será difícil para você se acostumar com as nossas tradições.
26593.0	Eu também não estava pronto para tudo isso… a infância ficou muito para trás.
45530.0	De qualquer forma, é bom estar em casa.
23032.0	Minha pobre cidade. Rasgada em pedaços.
43840.0	Vá, emshen. Preciso de tempo para juntar as minhas ferramentas.
12026.0	
18914.0	E, ainda assim, ela tem um bom coração. Um coração bondoso.
36340.0	Esse forasteiro… ele vai bagunçar tudo.
30636.0	Stakh, pobre Stakh… tentamos convencê-lo, mas ele se recusou a acreditar em nós.
56474.0	Supere isso.
7186.0	E eu cobri tudo com névoa mortal…
26376.0	Hã?
41779.0	O quê?
68806.0	Yargachin, yargachin… ainda autodidata.
46155.0	Mendē!
17483.0	Mes za-slym emch…
47685.0	Hug
56179.0	A maldita ferida… está queimando.
62210.0	Se ao menos eu pudesse dormir bem.
51573.0	Então, como devo agir?
17862.0	E por que seria assim?
13198.0	Onde estão os outros dois? O Bachelor e a moça?
77590.0	Você conhece o futuro? E qual é o meu?
21584.0	Hã… o que você quer dizer?
14619.0	Você sente? O chão treme.
64031.0	Qualquer escolha é certa, desde que seja querida. Essa é a verdade.
73771.0	Isso exige a precisão de um cirurgião. Afaste-se.
25774.0	Sinto algo fora do lugar…
16713.0	O que foi rasgado deve ser amarrado, e o que foi unido — separado.
69485.0	Você até pode ser médico, mas certamente não é professor.
14713.0	Sem sorte, não se pesca na enchente. Sem amor, não se lê a verdade no sangue.
6704.0	Você também pode olhar. Mas não consegue ver as Linhas.
32497.0	Não ande na frente de um touro, atrás de um cavalo, nem ao redor de um ladrão, de lado nenhum.
9973.0	O estômago não é espelho; encha-o de feno, ninguém vê.
12120.0	A medicina local… pode fazer muita coisa. Embora, estudando, eu tenha passado a vê-la como atrasada. Mas às vezes funcionava.
38297.0	Senhor Carpa, senhor Carpa, transforme-se numa harpa.
9725.0	Olhe para dentro da alma para firmar as mãos.
42427.0	Palavras também quebram ossos.
68500.0	Também não gosto de você, menina da fé. Mas não é só de você. Não sei bem se sei amar.
43058.0	O que posso dizer? Eu disse tudo ontem. É estranho ouvir isso — pensei que o gênio fosse você.
32929.0	Está além das capacidades de todos. Mas pensei que fosse exatamente para isso que existiam inquisidores.
17057.0	Entendo o que você quer dizer com «liquidada», mas… como se «resolve» uma cidade?
66571.0	Bem, temos a panaceia. Quanto ao general… anime-se. Veremos como as coisas andam.
61470.0	Vocês falam sem se ouvir. Ah, todo mundo faz isso. O que importa são os órgãos, e o sangue. O sangue é o elo entre nós.
48850.0	Não se pode mudar alguém contra a sua vontade. Só a vontade importa, o que prova que tudo isso é sobre sangue.
23705.0	Decida-se. Senão, a Cidade vai morrer.
36573.0	Novecentas e vinte e duas. Amanhã serão mais de mil. Nokhoin duun oyrto-o.
74060.0	Vamos. O relógio está correndo.
17110.0	«Meu querido filho, Artemy,\n\nEscrevo-te após tantos anos de separação, na esperança de que encontres um jeito de voltar para nós. Algo me preocupa. Temo que se aproxime uma provação difícil. Espero que os teus estudos tenham dado frutos, e que tenhas conquistado grande habilidade como cirurgião. Tal habilidade pode ser útil aqui. Continuo sendo o único médico desta cidade. Mas sabes que estou envelhecendo. Preciso de um assistente…»
44510.0	«…Não temo a morte. E tu também não deves temê-la. A morte, para um médico, é apenas uma parceira de conversa. A testemunha constante do nosso trabalho — mesmo quando temos sucesso. Não é a velhice, nem o que vem depois dela, que me preocupa. O que me assombra é a ideia de fracassar em passar adiante o meu papel. Apressa-te, filho. Eu realmente preciso de ti.\n\nTeu pai, que te ama,\nIsidor Burakh»
24485.0	Não acredito que você o matou. E, no entanto, suas mãos estão manchadas do sangue dele.
20154.0	Estou tendo vertigens…
62095.0	Não grite. Eu valorizo os sussurros, os atalhos e os ventos do oeste.
36630.0	Frio… é isso que é envelhecer. Hm hm hm
24221.0	Não pense que está a salvo.
6574.0	Este silêncio é um enganador.
29114.0	Cem anos é tempo demais. Demais. Quarenta? Quarenta claramente não basta…
58872.0	Se ao menos eu pudesse viver a longa extensão de um ano…
57465.0	Numa casa quieta, ouve-se os ratos na parede.
73928.0	Que doença é essa?
72435.0	A shabnak-adyr percorre as ruas como bactérias numa veia.
40329.0	Minha doce menina…
18050.0	Você não corre perigo, querida. Todos morrerão, mas você viverá.
76135.0	É indigno de uma Senhora esgueirar-se à noite.
53358.0	Aqueles a quem você salvar falarão por você.
18026.0	Paciência… isto é apenas o seu começo.
9757.0	O pior ainda está por vir.
14482.0	Apenas deixem as crianças em paz… A Capella não vai permitir que mexam com o rebanho dela.
42720.0	Agora você vê para onde tudo isso caminhava?
62025.0	Sim?
77028.0	O quê?
8306.0	Receio ser de pouca utilidade agora.
60794.0	É como se espetassem agulhas nas minhas têmporas… faça alguma coisa!
53793.0	Heh. Morfina… preciso de morfina…
61721.0	Meus olhos brilham como botões, não brilham?
57211.0	Meu estômago incha como se estivesse cheio de palha.
12796.0	Shh… você ouviu isso?
75786.0	Fui quebrada na roda da fortuna, num sonho.
13667.0	Estão vindo pretendentes, tentando me cortejar.
30616.0	Um cego ganhou um espelho de um surdo — em troca do violino dele.
21718.0	A maior parte da vida já foi vivida. Que lasca minúscula nos resta…
26131.0	As almas se reúnem por afinidade.
8198.0	Nenhum amante é tão doce quanto o silêncio do sono.
35670.0	O meu ramo se chamava «O Profeta dos Ratos». Não sabia que era ele quem me sussurrava nos sonhos. Até o fim, acreditei que era a terra.
50737.0	Minha irmã Maria já está experimentando a coroa da mãe. Mas talvez seja pesada demais para ela…
11026.0	
57316.0	Você vai apenas falhar.
20844.0	Parece que sou o último dos Kain disposto a cuidar do mundo real, agora.
37465.0	Quando o gato sai, os ratos dançam.
6390.0	A nossa Torre pode fazer milagres. Papai a chama de estufa. Mas nós sabemos que ela é a própria rosa.
48716.0	O nosso Poliedro estremeceu quando arrastaram esse monstro para dentro. Diga a eles que saiam. Agora.
54016.0	E se eu simplesmente acabar dobrando?
36474.0	Em que as pessoas se transformam quando crescem? Pense nisso.
30145.0	«Um braseiro no lugar do coração», dizem… mas, na verdade, o que você precisa é de uma bússola.
42502.0	Então
20676.0	Fale você.
65395.0	Não. É horrível. É trágico. Nunca haverá outra torre como esta.
71721.0	Vamos conversar sobre isso depois. Vamos nos casar, não vamos?
7338.0	Que tal amanhã?
25351.0	Eu te amo.
36987.0	Uma ninhada de faisões sempre choca.
34040.0	Qualquer dedo que sangre faz a mão inteira doer.
33517.0	Todo cão tem o seu dia.
24855.0	Sabemos nos defender! Que tentem!
25084.0	Esconde-esconde, pega-pega, amarelinha… ou podemos jogar «abaixa-e-cobre».
41359.0	Só fique longe de mim nesta época do ano. Aliás, não toque em nada daqui.
7543.0	No geral, as meninas sabem mais que os meninos. Deixemos os meninos de fora.
18829.0	Não vou crescer nada. Não cresci um centímetro em quinze anos.
72713.0	Estou ouvindo.
63547.0	O quê?
33198.0	Só as crianças podem viver na Torre. É proibido aos demais.
44265.0	
13584.0	É fácil demais se desfazer em farrapos e remendos.
66712.0	O que um homem deve fazer quando as tripas viram trapos?
75190.0	Chegou. Acabaram os jogos. Ninguém precisa de nós.
34810.0	Será como eu digo.
51532.0	
18355.0	Meus pêsames pelo seu pai, Burakh. Ele era um homem de grande humanidade.
59291.0	Esta Torre é um presente. Da mãe.
8440.0	O meu ramo se chamava «O Dia Alto». Se não fosse a peste, eu teria tomado o poder dos adultos e instituído uma ditadura dos jovens. Mas a Capella… a Capella teve uma ideia melhor.
58396.0	Um estranho me trouxe um frasco incomum, hoje.
25072.0	Palavras sem atos só enchem o jardim de ervas daninhas.
31511.0	Faça alguma coisa. Qualquer coisa.
